-- phpMyAdmin SQL Dump
-- version 5.0.2
-- https://www.phpmyadmin.net/
--
-- Servidor: 127.0.0.1
-- Tiempo de generación: 02-12-2020 a las 00:04:24
-- Versión del servidor: 10.4.11-MariaDB
-- Versión de PHP: 7.4.6

SET SQL_MODE = "NO_AUTO_VALUE_ON_ZERO";
START TRANSACTION;
SET time_zone = "+00:00";


/*!40101 SET @OLD_CHARACTER_SET_CLIENT=@@CHARACTER_SET_CLIENT */;
/*!40101 SET @OLD_CHARACTER_SET_RESULTS=@@CHARACTER_SET_RESULTS */;
/*!40101 SET @OLD_COLLATION_CONNECTION=@@COLLATION_CONNECTION */;
/*!40101 SET NAMES utf8mb4 */;

--
-- Base de datos: `proyecto_whatpedidos`
--

-- --------------------------------------------------------

--
-- Estructura de tabla para la tabla `categorias_tienda`
--

CREATE TABLE `categorias_tienda` (
  `id` bigint(20) UNSIGNED NOT NULL,
  `imagen_categoria_tienda` longtext COLLATE utf8mb4_unicode_ci NOT NULL,
  `nombre_categoria_tienda` varchar(120) COLLATE utf8mb4_unicode_ci NOT NULL,
  `descripcion_categoria_tienda` longtext COLLATE utf8mb4_unicode_ci NOT NULL,
  `estado_categoria_tienda` int(11) NOT NULL,
  `created_at` timestamp NULL DEFAULT NULL,
  `updated_at` timestamp NULL DEFAULT NULL
) ENGINE=InnoDB DEFAULT CHARSET=utf8mb4 COLLATE=utf8mb4_unicode_ci;

--
-- Volcado de datos para la tabla `categorias_tienda`
--

INSERT INTO `categorias_tienda` (`id`, `imagen_categoria_tienda`, `nombre_categoria_tienda`, `descripcion_categoria_tienda`, `estado_categoria_tienda`, `created_at`, `updated_at`) VALUES
(1, 'dfdf', 'Inmob', 'Inmob', 1, NULL, NULL);

-- --------------------------------------------------------

--
-- Estructura de tabla para la tabla `ciudades`
--

CREATE TABLE `ciudades` (
  `id` bigint(20) UNSIGNED NOT NULL,
  `id_departamento` int(11) NOT NULL,
  `codigo_ciudad` int(11) NOT NULL,
  `nombre_ciudad` varchar(120) COLLATE utf8mb4_unicode_ci NOT NULL,
  `estado_ciudad` int(11) NOT NULL,
  `created_at` timestamp NULL DEFAULT NULL,
  `updated_at` timestamp NULL DEFAULT NULL
) ENGINE=InnoDB DEFAULT CHARSET=utf8mb4 COLLATE=utf8mb4_unicode_ci;

--
-- Volcado de datos para la tabla `ciudades`
--

INSERT INTO `ciudades` (`id`, `id_departamento`, `codigo_ciudad`, `nombre_ciudad`, `estado_ciudad`, `created_at`, `updated_at`) VALUES
(1, 1, 1, 'MEDELLIN', 0, NULL, NULL),
(2, 1, 2, 'ABEJORRAL', 0, NULL, NULL),
(3, 1, 4, 'ABRIAQUI', 0, NULL, NULL),
(4, 1, 21, 'ALEJANDRIA', 0, NULL, NULL),
(5, 1, 30, 'AMAGA', 0, NULL, NULL),
(6, 1, 31, 'AMALFI', 0, NULL, NULL),
(7, 1, 34, 'ANDES', 0, NULL, NULL),
(8, 1, 36, 'ANGELOPOLIS', 0, NULL, NULL),
(9, 1, 38, 'ANGOSTURA', 0, NULL, NULL),
(10, 1, 40, 'ANORI', 0, NULL, NULL),
(11, 1, 42, 'ANTIOQUIA', 0, NULL, NULL),
(12, 1, 44, 'ANZA', 0, NULL, NULL),
(13, 1, 45, 'APARTADO', 0, NULL, NULL),
(14, 1, 51, 'ARBOLETES', 0, NULL, NULL),
(15, 1, 55, 'ARGELIA', 0, NULL, NULL),
(16, 1, 59, 'ARMENIA', 0, NULL, NULL),
(17, 1, 79, 'BARBOSA', 0, NULL, NULL),
(18, 1, 86, 'BELMIRA', 0, NULL, NULL),
(19, 1, 88, 'BELLO', 0, NULL, NULL),
(20, 1, 91, 'BETANIA', 0, NULL, NULL),
(21, 1, 93, 'BETULIA', 0, NULL, NULL),
(22, 1, 101, 'BOLIVAR', 0, NULL, NULL),
(23, 1, 107, 'BRICEÑO', 0, NULL, NULL),
(24, 1, 113, 'BURITICA', 0, NULL, NULL),
(25, 1, 120, 'CACERES', 0, NULL, NULL),
(26, 1, 125, 'CAICEDO', 0, NULL, NULL),
(27, 1, 129, 'CALDAS', 0, NULL, NULL),
(28, 1, 134, 'CAMPAMENTO', 0, NULL, NULL),
(29, 1, 138, 'CAÑASGORDAS', 0, NULL, NULL),
(30, 1, 142, 'CARACOLI', 0, NULL, NULL),
(31, 1, 145, 'CARAMANTA', 0, NULL, NULL),
(32, 1, 147, 'CAREPA', 0, NULL, NULL),
(33, 1, 148, 'CARMEN DE VIBORAL', 0, NULL, NULL),
(34, 1, 150, 'CAROLINA', 0, NULL, NULL),
(35, 1, 154, 'CAUCASIA', 0, NULL, NULL),
(36, 1, 172, 'CHIGORODO', 0, NULL, NULL),
(37, 1, 190, 'CISNEROS', 0, NULL, NULL),
(38, 1, 197, 'COCORNA', 0, NULL, NULL),
(39, 1, 206, 'CONCEPCION', 0, NULL, NULL),
(40, 1, 209, 'CONCORDIA', 0, NULL, NULL),
(41, 1, 212, 'COPACABANA', 0, NULL, NULL),
(42, 1, 234, 'DABEIBA', 0, NULL, NULL),
(43, 1, 237, 'DON MATIAS', 0, NULL, NULL),
(44, 1, 240, 'EBEJICO', 0, NULL, NULL),
(45, 1, 250, 'EL BAGRE', 0, NULL, NULL),
(46, 1, 264, 'ENTRERRIOS', 0, NULL, NULL),
(47, 1, 266, 'ENVIGADO', 0, NULL, NULL),
(48, 1, 282, 'FREDONIA', 0, NULL, NULL),
(49, 1, 284, 'FRONTINO', 0, NULL, NULL),
(50, 1, 306, 'GIRALDO', 0, NULL, NULL),
(51, 1, 308, 'GIRARDOTA', 0, NULL, NULL),
(52, 1, 310, 'GOMEZ PLATA', 0, NULL, NULL),
(53, 1, 313, 'GRANADA', 0, NULL, NULL),
(54, 1, 315, 'GUADALUPE', 0, NULL, NULL),
(55, 1, 318, 'GUARNE', 0, NULL, NULL),
(56, 1, 321, 'GUATAPE', 0, NULL, NULL),
(57, 1, 347, 'HELICONIA', 0, NULL, NULL),
(58, 1, 353, 'HISPANIA', 0, NULL, NULL),
(59, 1, 360, 'ITAGUI', 0, NULL, NULL),
(60, 1, 361, 'ITUANGO', 0, NULL, NULL),
(61, 1, 364, 'JARDIN', 0, NULL, NULL),
(62, 1, 368, 'JERICO', 0, NULL, NULL),
(63, 1, 376, 'LA CEJA', 0, NULL, NULL),
(64, 1, 380, 'LA ESTRELLA', 0, NULL, NULL),
(65, 1, 390, 'LA PINTADA', 0, NULL, NULL),
(66, 1, 400, 'LA UNION', 0, NULL, NULL),
(67, 1, 411, 'LIBORINA', 0, NULL, NULL),
(68, 1, 425, 'MACEO', 0, NULL, NULL),
(69, 1, 440, 'MARINILLA', 0, NULL, NULL),
(70, 1, 467, 'MONTEBELLO', 0, NULL, NULL),
(71, 1, 475, 'MURINDO', 0, NULL, NULL),
(72, 1, 480, 'MUTATA', 0, NULL, NULL),
(73, 1, 483, 'NARIÑO', 0, NULL, NULL),
(74, 1, 490, 'NECOCLI', 0, NULL, NULL),
(75, 1, 495, 'NECHI', 0, NULL, NULL),
(76, 1, 501, 'OLAYA', 0, NULL, NULL),
(77, 1, 541, 'PEÑOL', 0, NULL, NULL),
(78, 1, 543, 'PEQUE', 0, NULL, NULL),
(79, 1, 576, 'PUEBLORRICO', 0, NULL, NULL),
(80, 1, 579, 'PUERTO BERRIO', 0, NULL, NULL),
(81, 1, 585, 'PUERTO NARE (LA MAGDALENA)', 0, NULL, NULL),
(82, 1, 591, 'PUERTO TRIUNFO', 0, NULL, NULL),
(83, 1, 604, 'REMEDIOS', 0, NULL, NULL),
(84, 1, 607, 'RETIRO', 0, NULL, NULL),
(85, 1, 615, 'RIONEGRO', 0, NULL, NULL),
(86, 1, 628, 'SABANALARGA', 0, NULL, NULL),
(87, 1, 631, 'SABANETA', 0, NULL, NULL),
(88, 1, 642, 'SALGAR', 0, NULL, NULL),
(89, 1, 647, 'SAN ANDRES', 0, NULL, NULL),
(90, 1, 649, 'SAN CARLOS', 0, NULL, NULL),
(91, 1, 652, 'SAN FRANCISCO', 0, NULL, NULL),
(92, 1, 656, 'SAN JERONIMO', 0, NULL, NULL),
(93, 1, 658, 'SAN JOSE DE LA MONTAÑA', 0, NULL, NULL),
(94, 1, 659, 'SAN JUAN DE URABA', 0, NULL, NULL),
(95, 1, 660, 'SAN LUIS', 0, NULL, NULL),
(96, 1, 664, 'SAN PEDRO', 0, NULL, NULL),
(97, 1, 665, 'SAN PEDRO DE URABA', 0, NULL, NULL),
(98, 1, 667, 'SAN RAFAEL', 0, NULL, NULL),
(99, 1, 670, 'SAN ROQUE', 0, NULL, NULL),
(100, 1, 674, 'SAN VICENTE', 0, NULL, NULL),
(101, 1, 679, 'SANTA BARBARA', 0, NULL, NULL),
(102, 1, 686, 'SANTA ROSA DE OSOS', 0, NULL, NULL),
(103, 1, 690, 'SANTO DOMINGO', 0, NULL, NULL),
(104, 1, 697, 'SANTUARIO', 0, NULL, NULL),
(105, 1, 736, 'SEGOVIA', 0, NULL, NULL),
(106, 1, 756, 'SONSON', 0, NULL, NULL),
(107, 1, 761, 'SOPETRAN', 0, NULL, NULL),
(108, 1, 789, 'TAMESIS', 0, NULL, NULL),
(109, 1, 790, 'TARAZA', 0, NULL, NULL),
(110, 1, 792, 'TARSO', 0, NULL, NULL),
(111, 1, 809, 'TITIRIBI', 0, NULL, NULL),
(112, 1, 819, 'TOLEDO', 0, NULL, NULL),
(113, 1, 837, 'TURBO', 0, NULL, NULL),
(114, 1, 842, 'URAMITA', 0, NULL, NULL),
(115, 1, 847, 'URRAO', 0, NULL, NULL),
(116, 1, 854, 'VALDIVIA', 0, NULL, NULL),
(117, 1, 856, 'VALPARAISO', 0, NULL, NULL),
(118, 1, 858, 'VEGACHI', 0, NULL, NULL),
(119, 1, 861, 'VENECIA', 0, NULL, NULL),
(120, 1, 873, 'VIGIA DEL FUERTE', 0, NULL, NULL),
(121, 1, 885, 'YALI', 0, NULL, NULL),
(122, 1, 887, 'YARUMAL', 0, NULL, NULL),
(123, 1, 890, 'YOLOMBO', 0, NULL, NULL),
(124, 1, 893, 'YONDO', 0, NULL, NULL),
(125, 1, 895, 'ZARAGOZA', 0, NULL, NULL),
(126, 2, 1, 'BARRANQUILLA (DISTRITO ESPECIAL INDUSTRIAL Y PORTUARIO DE BARRANQUILLA)', 0, NULL, NULL),
(127, 2, 78, 'BARANOA', 0, NULL, NULL),
(128, 2, 137, 'CAMPO DE LA CRUZ', 0, NULL, NULL),
(129, 2, 141, 'CANDELARIA', 0, NULL, NULL),
(130, 2, 296, 'GALAPA', 0, NULL, NULL),
(131, 2, 372, 'JUAN DE ACOSTA', 0, NULL, NULL),
(132, 2, 421, 'LURUACO', 0, NULL, NULL),
(133, 2, 433, 'MALAMBO', 0, NULL, NULL),
(134, 2, 436, 'MANATI', 0, NULL, NULL),
(135, 2, 520, 'PALMAR DE VARELA', 0, NULL, NULL),
(136, 2, 549, 'PIOJO', 0, NULL, NULL),
(137, 2, 558, 'POLO NUEVO', 0, NULL, NULL),
(138, 2, 560, 'PONEDERA', 0, NULL, NULL),
(139, 2, 573, 'PUERTO COLOMBIA', 0, NULL, NULL),
(140, 2, 606, 'REPELON', 0, NULL, NULL),
(141, 2, 634, 'SABANAGRANDE', 0, NULL, NULL),
(142, 2, 638, 'SABANALARGA', 0, NULL, NULL),
(143, 2, 675, 'SANTA LUCIA', 0, NULL, NULL),
(144, 2, 685, 'SANTO TOMAS', 0, NULL, NULL),
(145, 2, 758, 'SOLEDAD', 0, NULL, NULL),
(146, 2, 770, 'SUAN', 0, NULL, NULL),
(147, 2, 832, 'TUBARA', 0, NULL, NULL),
(148, 2, 849, 'USIACURI', 0, NULL, NULL),
(149, 3, 1, 'Santa Fe de Bogotá', 0, NULL, NULL),
(150, 3, 1, 'USAQUEN', 0, NULL, NULL),
(151, 3, 2, 'CHAPINERO', 0, NULL, NULL),
(152, 3, 3, 'SANTA FE', 0, NULL, NULL),
(153, 3, 4, 'SAN CRISTOBAL', 0, NULL, NULL),
(154, 3, 5, 'USME', 0, NULL, NULL),
(155, 3, 6, 'TUNJUELITO', 0, NULL, NULL),
(156, 3, 7, 'BOSA', 0, NULL, NULL),
(157, 3, 8, 'KENNEDY', 0, NULL, NULL),
(158, 3, 9, 'FONTIBON', 0, NULL, NULL),
(159, 3, 10, 'ENGATIVA', 0, NULL, NULL),
(160, 3, 11, 'SUBA', 0, NULL, NULL),
(161, 3, 12, 'BARRIOS UNIDOS', 0, NULL, NULL),
(162, 3, 13, 'TEUSAQUILLO', 0, NULL, NULL),
(163, 3, 14, 'MARTIRES', 0, NULL, NULL),
(164, 3, 15, 'ANTONIO NARIÑO', 0, NULL, NULL),
(165, 3, 16, 'PUENTE ARANDA', 0, NULL, NULL),
(166, 3, 17, 'CANDELARIA', 0, NULL, NULL),
(167, 3, 18, 'RAFAEL URIBE', 0, NULL, NULL),
(168, 3, 19, 'CIUDAD BOLIVAR', 0, NULL, NULL),
(169, 3, 20, 'SUMAPAZ', 0, NULL, NULL),
(170, 4, 1, 'CARTAGENA (DISTRITO TURISTICO Y CULTURAL DE CARTAGENA)', 0, NULL, NULL),
(171, 4, 6, 'ACHI', 0, NULL, NULL),
(172, 4, 30, 'ALTOS DEL ROSARIO', 0, NULL, NULL),
(173, 4, 42, 'ARENAL', 0, NULL, NULL),
(174, 4, 52, 'ARJONA', 0, NULL, NULL),
(175, 4, 62, 'ARROYOHONDO', 0, NULL, NULL),
(176, 4, 74, 'BARRANCO DE LOBA', 0, NULL, NULL),
(177, 4, 140, 'CALAMAR', 0, NULL, NULL),
(178, 4, 160, 'CANTAGALLO', 0, NULL, NULL),
(179, 4, 188, 'CICUCO', 0, NULL, NULL),
(180, 4, 212, 'CORDOBA', 0, NULL, NULL),
(181, 4, 222, 'CLEMENCIA', 0, NULL, NULL),
(182, 4, 244, 'EL CARMEN DE BOLIVAR', 0, NULL, NULL),
(183, 4, 248, 'EL GUAMO', 0, NULL, NULL),
(184, 4, 268, 'EL PEÑON', 0, NULL, NULL),
(185, 4, 300, 'HATILLO DE LOBA', 0, NULL, NULL),
(186, 4, 430, 'MAGANGUE', 0, NULL, NULL),
(187, 4, 433, 'MAHATES', 0, NULL, NULL),
(188, 4, 440, 'MARGARITA', 0, NULL, NULL),
(189, 4, 442, 'MARIA LA BAJA', 0, NULL, NULL),
(190, 4, 458, 'MONTECRISTO', 0, NULL, NULL),
(191, 4, 468, 'MOMPOS', 0, NULL, NULL),
(192, 4, 473, 'MORALES', 0, NULL, NULL),
(193, 4, 549, 'PINILLOS', 0, NULL, NULL),
(194, 4, 580, 'REGIDOR', 0, NULL, NULL),
(195, 4, 600, 'RIO VIEJO', 0, NULL, NULL),
(196, 4, 620, 'SAN CRISTOBAL', 0, NULL, NULL),
(197, 4, 647, 'SAN ESTANISLAO', 0, NULL, NULL),
(198, 4, 650, 'SAN FERNANDO', 0, NULL, NULL),
(199, 4, 654, 'SAN JACINTO', 0, NULL, NULL),
(200, 4, 655, 'SAN JACINTO DEL CAUCA', 0, NULL, NULL),
(201, 4, 657, 'SAN JUAN NEPOMUCENO', 0, NULL, NULL),
(202, 4, 667, 'SAN MARTIN DE LOBA', 0, NULL, NULL),
(203, 4, 670, 'SAN PABLO', 0, NULL, NULL),
(204, 4, 673, 'SANTA CATALINA', 0, NULL, NULL),
(205, 4, 683, 'SANTA ROSA', 0, NULL, NULL),
(206, 4, 688, 'SANTA ROSA DEL SUR', 0, NULL, NULL),
(207, 4, 744, 'SIMITI', 0, NULL, NULL),
(208, 4, 760, 'SOPLAVIENTO', 0, NULL, NULL),
(209, 4, 780, 'TALAIGUA NUEVO', 0, NULL, NULL),
(210, 4, 810, 'TIQUISIO (PUERTO RICO)', 0, NULL, NULL),
(211, 4, 836, 'TURBACO', 0, NULL, NULL),
(212, 4, 838, 'TURBANA', 0, NULL, NULL),
(213, 4, 873, 'VILLANUEVA', 0, NULL, NULL),
(214, 4, 894, 'ZAMBRANO', 0, NULL, NULL),
(215, 5, 1, 'TUNJA', 0, NULL, NULL),
(216, 5, 22, 'ALMEIDA', 0, NULL, NULL),
(217, 5, 47, 'AQUITANIA', 0, NULL, NULL),
(218, 5, 51, 'ARCABUCO', 0, NULL, NULL),
(219, 5, 87, 'BELEN', 0, NULL, NULL),
(220, 5, 90, 'BERBEO', 0, NULL, NULL),
(221, 5, 92, 'BETEITIVA', 0, NULL, NULL),
(222, 5, 97, 'BOAVITA', 0, NULL, NULL),
(223, 5, 104, 'BOYACA', 0, NULL, NULL),
(224, 5, 106, 'BRICEÑO', 0, NULL, NULL),
(225, 5, 109, 'BUENAVISTA', 0, NULL, NULL),
(226, 5, 114, 'BUSBANZA', 0, NULL, NULL),
(227, 5, 131, 'CALDAS', 0, NULL, NULL),
(228, 5, 135, 'CAMPOHERMOSO', 0, NULL, NULL),
(229, 5, 162, 'CERINZA', 0, NULL, NULL),
(230, 5, 172, 'CHINAVITA', 0, NULL, NULL),
(231, 5, 176, 'CHIQUINQUIRA', 0, NULL, NULL),
(232, 5, 180, 'CHISCAS', 0, NULL, NULL),
(233, 5, 183, 'CHITA', 0, NULL, NULL),
(234, 5, 185, 'CHITARAQUE', 0, NULL, NULL),
(235, 5, 187, 'CHIVATA', 0, NULL, NULL),
(236, 5, 189, 'CIENEGA', 0, NULL, NULL),
(237, 5, 204, 'COMBITA', 0, NULL, NULL),
(238, 5, 212, 'COPER', 0, NULL, NULL),
(239, 5, 215, 'CORRALES', 0, NULL, NULL),
(240, 5, 218, 'COVARACHIA', 0, NULL, NULL),
(241, 5, 223, 'CUBARA', 0, NULL, NULL),
(242, 5, 224, 'CUCAITA', 0, NULL, NULL),
(243, 5, 226, 'CUITIVA', 0, NULL, NULL),
(244, 5, 232, 'CHIQUIZA', 0, NULL, NULL),
(245, 5, 236, 'CHIVOR', 0, NULL, NULL),
(246, 5, 238, 'DUITAMA', 0, NULL, NULL),
(247, 5, 244, 'EL COCUY', 0, NULL, NULL),
(248, 5, 248, 'EL ESPINO', 0, NULL, NULL),
(249, 5, 272, 'FIRAVITOBA', 0, NULL, NULL),
(250, 5, 276, 'FLORESTA', 0, NULL, NULL),
(251, 5, 293, 'GACHANTIVA', 0, NULL, NULL),
(252, 5, 296, 'GAMEZA', 0, NULL, NULL),
(253, 5, 299, 'GARAGOA', 0, NULL, NULL),
(254, 5, 317, 'GUACAMAYAS', 0, NULL, NULL),
(255, 5, 322, 'GUATEQUE', 0, NULL, NULL),
(256, 5, 325, 'GUAYATA', 0, NULL, NULL),
(257, 5, 332, 'GUICAN', 0, NULL, NULL),
(258, 5, 362, 'IZA', 0, NULL, NULL),
(259, 5, 367, 'JENESANO', 0, NULL, NULL),
(260, 5, 368, 'JERICO', 0, NULL, NULL),
(261, 5, 377, 'LABRANZAGRANDE', 0, NULL, NULL),
(262, 5, 380, 'LA CAPILLA', 0, NULL, NULL),
(263, 5, 401, 'LA VICTORIA', 0, NULL, NULL),
(264, 5, 403, 'LA UVITA', 0, NULL, NULL),
(265, 5, 407, 'VILLA DE LEIVA', 0, NULL, NULL),
(266, 5, 425, 'MACANAL', 0, NULL, NULL),
(267, 5, 442, 'MARIPI', 0, NULL, NULL),
(268, 5, 455, 'MIRAFLORES', 0, NULL, NULL),
(269, 5, 464, 'MONGUA', 0, NULL, NULL),
(270, 5, 466, 'MONGUI', 0, NULL, NULL),
(271, 5, 469, 'MONIQUIRA', 0, NULL, NULL),
(272, 5, 476, 'MOTAVITA', 0, NULL, NULL),
(273, 5, 480, 'MUZO', 0, NULL, NULL),
(274, 5, 491, 'NOBSA', 0, NULL, NULL),
(275, 5, 494, 'NUEVO COLON', 0, NULL, NULL),
(276, 5, 500, 'OICATA', 0, NULL, NULL),
(277, 5, 507, 'OTANCHE', 0, NULL, NULL),
(278, 5, 511, 'PACHAVITA', 0, NULL, NULL),
(279, 5, 514, 'PAEZ', 0, NULL, NULL),
(280, 5, 516, 'PAIPA', 0, NULL, NULL),
(281, 5, 518, 'PAJARITO', 0, NULL, NULL),
(282, 5, 522, 'PANQUEBA', 0, NULL, NULL),
(283, 5, 531, 'PAUNA', 0, NULL, NULL),
(284, 5, 533, 'PAYA', 0, NULL, NULL),
(285, 5, 537, 'PAZ DEL RIO', 0, NULL, NULL),
(286, 5, 542, 'PESCA', 0, NULL, NULL),
(287, 5, 550, 'PISBA', 0, NULL, NULL),
(288, 5, 572, 'PUERTO BOYACA', 0, NULL, NULL),
(289, 5, 580, 'QUIPAMA', 0, NULL, NULL),
(290, 5, 599, 'RAMIRIQUI', 0, NULL, NULL),
(291, 5, 600, 'RAQUIRA', 0, NULL, NULL),
(292, 5, 621, 'RONDON', 0, NULL, NULL),
(293, 5, 632, 'SABOYA', 0, NULL, NULL),
(294, 5, 638, 'SACHICA', 0, NULL, NULL),
(295, 5, 646, 'SAMACA', 0, NULL, NULL),
(296, 5, 660, 'SAN EDUARDO', 0, NULL, NULL),
(297, 5, 664, 'SAN JOSE DE PARE', 0, NULL, NULL),
(298, 5, 667, 'SAN LUIS DE GACENO', 0, NULL, NULL),
(299, 5, 673, 'SAN MATEO', 0, NULL, NULL),
(300, 5, 676, 'SAN MIGUEL DE SEMA', 0, NULL, NULL),
(301, 5, 681, 'SAN PABLO DE BORBUR', 0, NULL, NULL),
(302, 5, 686, 'SANTANA', 0, NULL, NULL),
(303, 5, 690, 'SANTA MARIA', 0, NULL, NULL),
(304, 5, 693, 'SANTA ROSA DE VITERBO', 0, NULL, NULL),
(305, 5, 696, 'SANTA SOFIA', 0, NULL, NULL),
(306, 5, 720, 'SATIVANORTE', 0, NULL, NULL),
(307, 5, 723, 'SATIVASUR', 0, NULL, NULL),
(308, 5, 740, 'SIACHOQUE', 0, NULL, NULL),
(309, 5, 753, 'SOATA', 0, NULL, NULL),
(310, 5, 755, 'SOCOTA', 0, NULL, NULL),
(311, 5, 757, 'SOCHA', 0, NULL, NULL),
(312, 5, 759, 'SOGAMOSO', 0, NULL, NULL),
(313, 5, 761, 'SOMONDOCO', 0, NULL, NULL),
(314, 5, 762, 'SORA', 0, NULL, NULL),
(315, 5, 763, 'SOTAQUIRA', 0, NULL, NULL),
(316, 5, 764, 'SORACA', 0, NULL, NULL),
(317, 5, 774, 'SUSACON', 0, NULL, NULL),
(318, 5, 776, 'SUTAMARCHAN', 0, NULL, NULL),
(319, 5, 778, 'SUTATENZA', 0, NULL, NULL),
(320, 5, 790, 'TASCO', 0, NULL, NULL),
(321, 5, 798, 'TENZA', 0, NULL, NULL),
(322, 5, 804, 'TIBANA', 0, NULL, NULL),
(323, 5, 806, 'TIBASOSA', 0, NULL, NULL),
(324, 5, 808, 'TINJACA', 0, NULL, NULL),
(325, 5, 810, 'TIPACOQUE', 0, NULL, NULL),
(326, 5, 814, 'TOCA', 0, NULL, NULL),
(327, 5, 816, 'TOGUI', 0, NULL, NULL),
(328, 5, 820, 'TOPAGA', 0, NULL, NULL),
(329, 5, 822, 'TOTA', 0, NULL, NULL),
(330, 5, 832, 'TUNUNGUA', 0, NULL, NULL),
(331, 5, 835, 'TURMEQUE', 0, NULL, NULL),
(332, 5, 837, 'TUTA', 0, NULL, NULL),
(333, 5, 839, 'TUTASA', 0, NULL, NULL),
(334, 5, 842, 'UMBITA', 0, NULL, NULL),
(335, 5, 861, 'VENTAQUEMADA', 0, NULL, NULL),
(336, 5, 879, 'VIRACACHA', 0, NULL, NULL),
(337, 5, 897, 'ZETAQUIRA', 0, NULL, NULL),
(338, 6, 1, 'MANIZALES', 0, NULL, NULL),
(339, 6, 13, 'AGUADAS', 0, NULL, NULL),
(340, 6, 42, 'ANSERMA', 0, NULL, NULL),
(341, 6, 50, 'ARANZAZU', 0, NULL, NULL),
(342, 6, 88, 'BELALCAZAR', 0, NULL, NULL),
(343, 6, 174, 'CHINCHINA', 0, NULL, NULL),
(344, 6, 272, 'FILADELFIA', 0, NULL, NULL),
(345, 6, 380, 'LA DORADA', 0, NULL, NULL),
(346, 6, 388, 'LA MERCED', 0, NULL, NULL),
(347, 6, 433, 'MANZANARES', 0, NULL, NULL),
(348, 6, 442, 'MARMATO', 0, NULL, NULL),
(349, 6, 444, 'MARQUETALIA', 0, NULL, NULL),
(350, 6, 446, 'MARULANDA', 0, NULL, NULL),
(351, 6, 486, 'NEIRA', 0, NULL, NULL),
(352, 6, 495, 'NORCASIA', 0, NULL, NULL),
(353, 6, 513, 'PACORA', 0, NULL, NULL),
(354, 6, 524, 'PALESTINA', 0, NULL, NULL),
(355, 6, 541, 'PENSILVANIA', 0, NULL, NULL),
(356, 6, 614, 'RIOSUCIO', 0, NULL, NULL),
(357, 6, 616, 'RISARALDA', 0, NULL, NULL),
(358, 6, 653, 'SALAMINA', 0, NULL, NULL),
(359, 6, 662, 'SAMANA', 0, NULL, NULL),
(360, 6, 665, 'SAN JOSE', 0, NULL, NULL),
(361, 6, 777, 'SUPIA', 0, NULL, NULL),
(362, 6, 867, 'VICTORIA', 0, NULL, NULL),
(363, 6, 873, 'VILLAMARIA', 0, NULL, NULL),
(364, 6, 877, 'VITERBO', 0, NULL, NULL),
(365, 7, 1, 'FLORENCIA', 0, NULL, NULL),
(366, 7, 29, 'ALBANIA', 0, NULL, NULL),
(367, 7, 94, 'BELEN DE LOS ANDAQUIES', 0, NULL, NULL),
(368, 7, 150, 'CARTAGENA DEL CHAIRA', 0, NULL, NULL),
(369, 7, 205, 'CURILLO', 0, NULL, NULL),
(370, 7, 247, 'EL DONCELLO', 0, NULL, NULL),
(371, 7, 256, 'EL PAUJIL', 0, NULL, NULL),
(372, 7, 410, 'LA MONTAÑITA', 0, NULL, NULL),
(373, 7, 460, 'MILAN', 0, NULL, NULL),
(374, 7, 479, 'MORELIA', 0, NULL, NULL),
(375, 7, 592, 'PUERTO RICO', 0, NULL, NULL),
(376, 7, 610, 'SAN JOSE DE FRAGUA', 0, NULL, NULL),
(377, 7, 753, 'SAN VICENTE DEL CAGUAN', 0, NULL, NULL),
(378, 7, 756, 'SOLANO', 0, NULL, NULL),
(379, 7, 785, 'SOLITA', 0, NULL, NULL),
(380, 7, 860, 'VALPARAISO', 0, NULL, NULL),
(381, 8, 1, 'POPAYAN', 0, NULL, NULL),
(382, 8, 22, 'ALMAGUER', 0, NULL, NULL),
(383, 8, 50, 'ARGELIA', 0, NULL, NULL),
(384, 8, 75, 'BALBOA', 0, NULL, NULL),
(385, 8, 100, 'BOLIVAR', 0, NULL, NULL),
(386, 8, 110, 'BUENOS AIRES', 0, NULL, NULL),
(387, 8, 130, 'CAJIBIO', 0, NULL, NULL),
(388, 8, 137, 'CALDONO', 0, NULL, NULL),
(389, 8, 142, 'CALOTO', 0, NULL, NULL),
(390, 8, 212, 'CORINTO', 0, NULL, NULL),
(391, 8, 256, 'EL TAMBO', 0, NULL, NULL),
(392, 8, 290, 'FLORENCIA', 0, NULL, NULL),
(393, 8, 318, 'GUAPI', 0, NULL, NULL),
(394, 8, 355, 'INZA', 0, NULL, NULL),
(395, 8, 364, 'JAMBALO', 0, NULL, NULL),
(396, 8, 392, 'LA SIERRA', 0, NULL, NULL),
(397, 8, 397, 'LA VEGA', 0, NULL, NULL),
(398, 8, 418, 'LOPEZ (MICAY)', 0, NULL, NULL),
(399, 8, 450, 'MERCADERES', 0, NULL, NULL),
(400, 8, 455, 'MIRANDA', 0, NULL, NULL),
(401, 8, 473, 'MORALES', 0, NULL, NULL),
(402, 8, 513, 'PADILLA', 0, NULL, NULL),
(403, 8, 517, 'PAEZ (BELALCAZAR)', 0, NULL, NULL),
(404, 8, 532, 'PATIA (EL BORDO)', 0, NULL, NULL),
(405, 8, 533, 'PIAMONTE', 0, NULL, NULL),
(406, 8, 548, 'PIENDAMO', 0, NULL, NULL),
(407, 8, 573, 'PUERTO TEJADA', 0, NULL, NULL),
(408, 8, 585, 'PURACE (COCONUCO)', 0, NULL, NULL),
(409, 8, 622, 'ROSAS', 0, NULL, NULL),
(410, 8, 693, 'SAN SEBASTIAN', 0, NULL, NULL),
(411, 8, 698, 'SANTANDER DE QUILICHAO', 0, NULL, NULL),
(412, 8, 701, 'SANTA ROSA', 0, NULL, NULL),
(413, 8, 743, 'SILVIA', 0, NULL, NULL),
(414, 8, 760, 'SOTARA (PAISPAMBA)', 0, NULL, NULL),
(415, 8, 780, 'SUAREZ', 0, NULL, NULL),
(416, 8, 807, 'TIMBIO', 0, NULL, NULL),
(417, 8, 809, 'TIMBIQUI', 0, NULL, NULL),
(418, 8, 821, 'TORIBIO', 0, NULL, NULL),
(419, 8, 824, 'TOTORO', 0, NULL, NULL),
(420, 8, 845, 'VILLARICA', 0, NULL, NULL),
(421, 9, 1, 'VALLEDUPAR', 0, NULL, NULL),
(422, 9, 11, 'AGUACHICA', 0, NULL, NULL),
(423, 9, 13, 'AGUSTIN CODAZZI', 0, NULL, NULL),
(424, 9, 32, 'ASTREA', 0, NULL, NULL),
(425, 9, 45, 'BECERRIL', 0, NULL, NULL),
(426, 9, 60, 'BOSCONIA', 0, NULL, NULL),
(427, 9, 175, 'CHIMICHAGUA', 0, NULL, NULL),
(428, 9, 178, 'CHIRIGUANA', 0, NULL, NULL),
(429, 9, 228, 'CURUMANI', 0, NULL, NULL),
(430, 9, 238, 'EL COPEY', 0, NULL, NULL),
(431, 9, 250, 'EL PASO', 0, NULL, NULL),
(432, 9, 295, 'GAMARRA', 0, NULL, NULL),
(433, 9, 310, 'GONZALEZ', 0, NULL, NULL),
(434, 9, 383, 'LA GLORIA', 0, NULL, NULL),
(435, 9, 400, 'LA JAGUA IBIRICO', 0, NULL, NULL),
(436, 9, 443, 'MANAURE (BALCON DEL CESAR)', 0, NULL, NULL),
(437, 9, 517, 'PAILITAS', 0, NULL, NULL),
(438, 9, 550, 'PELAYA', 0, NULL, NULL),
(439, 9, 570, 'PUEBLO BELLO', 0, NULL, NULL),
(440, 9, 614, 'RIO DE ORO', 0, NULL, NULL),
(441, 9, 621, 'LA PAZ (ROBLES)', 0, NULL, NULL),
(442, 9, 710, 'SAN ALBERTO', 0, NULL, NULL),
(443, 9, 750, 'SAN DIEGO', 0, NULL, NULL),
(444, 9, 770, 'SAN MARTIN', 0, NULL, NULL),
(445, 9, 787, 'TAMALAMEQUE', 0, NULL, NULL),
(446, 10, 1, 'MONTERIA', 0, NULL, NULL),
(447, 10, 68, 'AYAPEL', 0, NULL, NULL),
(448, 10, 79, 'BUENAVISTA', 0, NULL, NULL),
(449, 10, 90, 'CANALETE', 0, NULL, NULL),
(450, 10, 162, 'CERETE', 0, NULL, NULL),
(451, 10, 168, 'CHIMA', 0, NULL, NULL),
(452, 10, 182, 'CHINU', 0, NULL, NULL),
(453, 10, 189, 'CIENAGA DE ORO', 0, NULL, NULL),
(454, 10, 300, 'COTORRA', 0, NULL, NULL),
(455, 10, 350, 'LA APARTADA', 0, NULL, NULL),
(456, 10, 417, 'LORICA', 0, NULL, NULL),
(457, 10, 419, 'LOS CORDOBAS', 0, NULL, NULL),
(458, 10, 464, 'MOMIL', 0, NULL, NULL),
(459, 10, 466, 'MONTELIBANO', 0, NULL, NULL),
(460, 10, 500, 'MOÑITOS', 0, NULL, NULL),
(461, 10, 555, 'PLANETA RICA', 0, NULL, NULL),
(462, 10, 570, 'PUEBLO NUEVO', 0, NULL, NULL),
(463, 10, 574, 'PUERTO ESCONDIDO', 0, NULL, NULL),
(464, 10, 580, 'PUERTO LIBERTADOR', 0, NULL, NULL),
(465, 10, 586, 'PURISIMA', 0, NULL, NULL),
(466, 10, 660, 'SAHAGUN', 0, NULL, NULL),
(467, 10, 670, 'SAN ANDRES SOTAVENTO', 0, NULL, NULL),
(468, 10, 672, 'SAN ANTERO', 0, NULL, NULL),
(469, 10, 675, 'SAN BERNARDO DEL VIENTO', 0, NULL, NULL),
(470, 10, 678, 'SAN CARLOS', 0, NULL, NULL),
(471, 10, 686, 'SAN PELAYO', 0, NULL, NULL),
(472, 10, 807, 'TIERRALTA', 0, NULL, NULL),
(473, 10, 855, 'VALENCIA', 0, NULL, NULL),
(474, 11, 1, 'AGUA DE DIOS', 0, NULL, NULL),
(475, 11, 19, 'ALBAN', 0, NULL, NULL),
(476, 11, 35, 'ANAPOIMA', 0, NULL, NULL),
(477, 11, 40, 'ANOLAIMA', 0, NULL, NULL),
(478, 11, 53, 'ARBELAEZ', 0, NULL, NULL),
(479, 11, 86, 'BELTRAN', 0, NULL, NULL),
(480, 11, 95, 'BITUIMA', 0, NULL, NULL),
(481, 11, 99, 'BOJACA', 0, NULL, NULL),
(482, 11, 120, 'CABRERA', 0, NULL, NULL),
(483, 11, 123, 'CACHIPAY', 0, NULL, NULL),
(484, 11, 126, 'CAJICA', 0, NULL, NULL),
(485, 11, 148, 'CAPARRAPI', 0, NULL, NULL),
(486, 11, 151, 'CAQUEZA', 0, NULL, NULL),
(487, 11, 154, 'CARMEN DE CARUPA', 0, NULL, NULL),
(488, 11, 168, 'CHAGUANI', 0, NULL, NULL),
(489, 11, 175, 'CHIA', 0, NULL, NULL),
(490, 11, 178, 'CHIPAQUE', 0, NULL, NULL),
(491, 11, 181, 'CHOACHI', 0, NULL, NULL),
(492, 11, 183, 'CHOCONTA', 0, NULL, NULL),
(493, 11, 200, 'COGUA', 0, NULL, NULL),
(494, 11, 214, 'COTA', 0, NULL, NULL),
(495, 11, 224, 'CUCUNUBA', 0, NULL, NULL),
(496, 11, 245, 'EL COLEGIO', 0, NULL, NULL),
(497, 11, 258, 'EL PEÑON', 0, NULL, NULL),
(498, 11, 260, 'EL ROSAL', 0, NULL, NULL),
(499, 11, 269, 'FACATATIVA', 0, NULL, NULL),
(500, 11, 279, 'FOMEQUE', 0, NULL, NULL),
(501, 11, 281, 'FOSCA', 0, NULL, NULL),
(502, 11, 286, 'FUNZA', 0, NULL, NULL),
(503, 11, 288, 'FUQUENE', 0, NULL, NULL),
(504, 11, 290, 'FUSAGASUGA', 0, NULL, NULL),
(505, 11, 293, 'GACHALA', 0, NULL, NULL),
(506, 11, 295, 'GACHANCIPA', 0, NULL, NULL),
(507, 11, 297, 'GACHETA', 0, NULL, NULL),
(508, 11, 299, 'GAMA', 0, NULL, NULL),
(509, 11, 307, 'GIRARDOT', 0, NULL, NULL),
(510, 11, 312, 'GRANADA', 0, NULL, NULL),
(511, 11, 317, 'GUACHETA', 0, NULL, NULL),
(512, 11, 320, 'GUADUAS', 0, NULL, NULL),
(513, 11, 322, 'GUASCA', 0, NULL, NULL),
(514, 11, 324, 'GUATAQUI', 0, NULL, NULL),
(515, 11, 326, 'GUATAVITA', 0, NULL, NULL),
(516, 11, 328, 'GUAYABAL DE SIQUIMA', 0, NULL, NULL),
(517, 11, 335, 'GUAYABETAL', 0, NULL, NULL),
(518, 11, 339, 'GUTIERREZ', 0, NULL, NULL),
(519, 11, 368, 'JERUSALEN', 0, NULL, NULL),
(520, 11, 372, 'JUNIN', 0, NULL, NULL),
(521, 11, 377, 'LA CALERA', 0, NULL, NULL),
(522, 11, 386, 'LA MESA', 0, NULL, NULL),
(523, 11, 394, 'LA PALMA', 0, NULL, NULL),
(524, 11, 398, 'LA PEÑA', 0, NULL, NULL),
(525, 11, 402, 'LA VEGA', 0, NULL, NULL),
(526, 11, 407, 'LENGUAZAQUE', 0, NULL, NULL),
(527, 11, 426, 'MACHETA', 0, NULL, NULL),
(528, 11, 430, 'MADRID', 0, NULL, NULL),
(529, 11, 436, 'MANTA', 0, NULL, NULL),
(530, 11, 438, 'MEDINA', 0, NULL, NULL),
(531, 11, 473, 'MOSQUERA', 0, NULL, NULL),
(532, 11, 483, 'NARIÑO', 0, NULL, NULL),
(533, 11, 486, 'NEMOCON', 0, NULL, NULL),
(534, 11, 488, 'NILO', 0, NULL, NULL),
(535, 11, 489, 'NIMAIMA', 0, NULL, NULL),
(536, 11, 491, 'NOCAIMA', 0, NULL, NULL),
(537, 11, 506, 'VENECIA (OSPINA PEREZ)', 0, NULL, NULL),
(538, 11, 513, 'PACHO', 0, NULL, NULL),
(539, 11, 518, 'PAIME', 0, NULL, NULL),
(540, 11, 524, 'PANDI', 0, NULL, NULL),
(541, 11, 530, 'PARATEBUENO', 0, NULL, NULL),
(542, 11, 535, 'PASCA', 0, NULL, NULL),
(543, 11, 572, 'PUERTO SALGAR', 0, NULL, NULL),
(544, 11, 580, 'PULI', 0, NULL, NULL),
(545, 11, 592, 'QUEBRADANEGRA', 0, NULL, NULL),
(546, 11, 594, 'QUETAME', 0, NULL, NULL),
(547, 11, 596, 'QUIPILE', 0, NULL, NULL),
(548, 11, 599, 'APULO (RAFAEL REYES)', 0, NULL, NULL),
(549, 11, 612, 'RICAURTE', 0, NULL, NULL),
(550, 11, 645, 'SAN ANTONIO DEL TEQUENDAMA', 0, NULL, NULL),
(551, 11, 649, 'SAN BERNARDO', 0, NULL, NULL),
(552, 11, 653, 'SAN CAYETANO', 0, NULL, NULL),
(553, 11, 658, 'SAN FRANCISCO', 0, NULL, NULL),
(554, 11, 662, 'SAN JUAN DE RIOSECO', 0, NULL, NULL),
(555, 11, 718, 'SASAIMA', 0, NULL, NULL),
(556, 11, 736, 'SESQUILE', 0, NULL, NULL),
(557, 11, 740, 'SIBATE', 0, NULL, NULL),
(558, 11, 743, 'SILVANIA', 0, NULL, NULL),
(559, 11, 745, 'SIMIJACA', 0, NULL, NULL),
(560, 11, 754, 'SOACHA', 0, NULL, NULL),
(561, 11, 758, 'SOPO', 0, NULL, NULL),
(562, 11, 769, 'SUBACHOQUE', 0, NULL, NULL),
(563, 11, 772, 'SUESCA', 0, NULL, NULL),
(564, 11, 777, 'SUPATA', 0, NULL, NULL),
(565, 11, 779, 'SUSA', 0, NULL, NULL),
(566, 11, 781, 'SUTATAUSA', 0, NULL, NULL),
(567, 11, 785, 'TABIO', 0, NULL, NULL),
(568, 11, 793, 'TAUSA', 0, NULL, NULL),
(569, 11, 797, 'TENA', 0, NULL, NULL),
(570, 11, 799, 'TENJO', 0, NULL, NULL),
(571, 11, 805, 'TIBACUY', 0, NULL, NULL),
(572, 11, 807, 'TIBIRITA', 0, NULL, NULL),
(573, 11, 815, 'TOCAIMA', 0, NULL, NULL),
(574, 11, 817, 'TOCANCIPA', 0, NULL, NULL),
(575, 11, 823, 'TOPAIPI', 0, NULL, NULL),
(576, 11, 839, 'UBALA', 0, NULL, NULL),
(577, 11, 841, 'UBAQUE', 0, NULL, NULL),
(578, 11, 843, 'UBATE', 0, NULL, NULL),
(579, 11, 845, 'UNE', 0, NULL, NULL),
(580, 11, 851, 'UTICA', 0, NULL, NULL),
(581, 11, 862, 'VERGARA', 0, NULL, NULL),
(582, 11, 867, 'VIANI', 0, NULL, NULL),
(583, 11, 871, 'VILLAGOMEZ', 0, NULL, NULL),
(584, 11, 873, 'VILLAPINZON', 0, NULL, NULL),
(585, 11, 875, 'VILLETA', 0, NULL, NULL),
(586, 11, 878, 'VIOTA', 0, NULL, NULL),
(587, 11, 885, 'YACOPI', 0, NULL, NULL),
(588, 11, 898, 'ZIPACON', 0, NULL, NULL),
(589, 11, 899, 'ZIPAQUIRA', 0, NULL, NULL),
(590, 12, 1, 'QUIBDO (SAN FRANCISCO DE QUIBDO)', 0, NULL, NULL),
(591, 12, 6, 'ACANDI', 0, NULL, NULL),
(592, 12, 25, 'ALTO BAUDO (PIE DE PATO)', 0, NULL, NULL),
(593, 12, 50, 'ATRATO', 0, NULL, NULL),
(594, 12, 73, 'BAGADO', 0, NULL, NULL),
(595, 12, 75, 'BAHIA SOLANO (MUTIS)', 0, NULL, NULL),
(596, 12, 77, 'BAJO BAUDO (PIZARRO)', 0, NULL, NULL),
(597, 12, 99, 'BOJAYA (BELLAVISTA)', 0, NULL, NULL),
(598, 12, 135, 'CANTON DE SAN PABLO (MANAGRU)', 0, NULL, NULL),
(599, 12, 205, 'CONDOTO', 0, NULL, NULL),
(600, 12, 245, 'EL CARMEN DE ATRATO', 0, NULL, NULL),
(601, 12, 250, 'LITORAL DEL BAJO SAN JUAN (SANTA GENOVEVA DE DOCORDO)', 0, NULL, NULL),
(602, 12, 361, 'ISTMINA', 0, NULL, NULL),
(603, 12, 372, 'JURADO', 0, NULL, NULL),
(604, 12, 413, 'LLORO', 0, NULL, NULL),
(605, 12, 425, 'MEDIO ATRATO', 0, NULL, NULL),
(606, 12, 430, 'MEDIO BAUDO', 0, NULL, NULL),
(607, 12, 491, 'NOVITA', 0, NULL, NULL),
(608, 12, 495, 'NUQUI', 0, NULL, NULL),
(609, 12, 600, 'RIOQUITO', 0, NULL, NULL),
(610, 12, 615, 'RIOSUCIO', 0, NULL, NULL),
(611, 12, 660, 'SAN JOSE DEL PALMAR', 0, NULL, NULL),
(612, 12, 745, 'SIPI', 0, NULL, NULL),
(613, 12, 787, 'TADO', 0, NULL, NULL),
(614, 12, 800, 'UNGUIA', 0, NULL, NULL),
(615, 12, 810, 'UNION PANAMERICANA', 0, NULL, NULL),
(616, 13, 1, 'NEIVA', 0, NULL, NULL),
(617, 13, 6, 'ACEVEDO', 0, NULL, NULL),
(618, 13, 13, 'AGRADO', 0, NULL, NULL),
(619, 13, 16, 'AIPE', 0, NULL, NULL),
(620, 13, 20, 'ALGECIRAS', 0, NULL, NULL),
(621, 13, 26, 'ALTAMIRA', 0, NULL, NULL),
(622, 13, 78, 'BARAYA', 0, NULL, NULL),
(623, 13, 132, 'CAMPOALEGRE', 0, NULL, NULL),
(624, 13, 206, 'COLOMBIA', 0, NULL, NULL),
(625, 13, 244, 'ELIAS', 0, NULL, NULL),
(626, 13, 298, 'GARZON', 0, NULL, NULL),
(627, 13, 306, 'GIGANTE', 0, NULL, NULL),
(628, 13, 319, 'GUADALUPE', 0, NULL, NULL),
(629, 13, 349, 'HOBO', 0, NULL, NULL),
(630, 13, 357, 'IQUIRA', 0, NULL, NULL),
(631, 13, 359, 'ISNOS (SAN JOSE DE ISNOS)', 0, NULL, NULL),
(632, 13, 378, 'LA ARGENTINA', 0, NULL, NULL),
(633, 13, 396, 'LA PLATA', 0, NULL, NULL),
(634, 13, 483, 'NATAGA', 0, NULL, NULL),
(635, 13, 503, 'OPORAPA', 0, NULL, NULL),
(636, 13, 518, 'PAICOL', 0, NULL, NULL),
(637, 13, 524, 'PALERMO', 0, NULL, NULL),
(638, 13, 530, 'PALESTINA', 0, NULL, NULL),
(639, 13, 548, 'PITAL', 0, NULL, NULL),
(640, 13, 551, 'PITALITO', 0, NULL, NULL),
(641, 13, 615, 'RIVERA', 0, NULL, NULL),
(642, 13, 660, 'SALADOBLANCO', 0, NULL, NULL),
(643, 13, 668, 'SAN AGUSTIN', 0, NULL, NULL),
(644, 13, 676, 'SANTA MARIA', 0, NULL, NULL),
(645, 13, 770, 'SUAZA', 0, NULL, NULL),
(646, 13, 791, 'TARQUI', 0, NULL, NULL),
(647, 13, 797, 'TESALIA', 0, NULL, NULL),
(648, 13, 799, 'TELLO', 0, NULL, NULL),
(649, 13, 801, 'TERUEL', 0, NULL, NULL),
(650, 13, 807, 'TIMANA', 0, NULL, NULL),
(651, 13, 872, 'VILLAVIEJA', 0, NULL, NULL),
(652, 13, 885, 'YAGUARA', 0, NULL, NULL),
(653, 14, 1, 'RIOHACHA', 0, NULL, NULL),
(654, 14, 78, 'BARRANCAS', 0, NULL, NULL),
(655, 14, 90, 'DIBULLA', 0, NULL, NULL),
(656, 14, 98, 'DISTRACCION', 0, NULL, NULL),
(657, 14, 110, 'EL MOLINO', 0, NULL, NULL),
(658, 14, 279, 'FONSECA', 0, NULL, NULL),
(659, 14, 378, 'HATONUEVO', 0, NULL, NULL),
(660, 14, 420, 'LA JAGUA DEL PILAR', 0, NULL, NULL),
(661, 14, 430, 'MAICAO', 0, NULL, NULL),
(662, 14, 560, 'MANAURE', 0, NULL, NULL),
(663, 14, 650, 'SAN JUAN DEL CESAR', 0, NULL, NULL),
(664, 14, 847, 'URIBIA', 0, NULL, NULL),
(665, 14, 855, 'URUMITA', 0, NULL, NULL),
(666, 14, 874, 'VILLANUEVA', 0, NULL, NULL),
(667, 15, 1, 'SANTA MARTA (DISTRITO TURISTICO CULTURAL E HISTORICO DE SANTA MARTA)', 0, NULL, NULL),
(668, 15, 30, 'ALGARROBO', 0, NULL, NULL),
(669, 15, 53, 'ARACATACA', 0, NULL, NULL),
(670, 15, 58, 'ARIGUANI (EL DIFICIL)', 0, NULL, NULL),
(671, 15, 161, 'CERRO SAN ANTONIO', 0, NULL, NULL),
(672, 15, 170, 'CHIVOLO', 0, NULL, NULL),
(673, 15, 189, 'CIENAGA', 0, NULL, NULL),
(674, 15, 205, 'CONCORDIA', 0, NULL, NULL),
(675, 15, 245, 'EL BANCO', 0, NULL, NULL),
(676, 15, 258, 'EL PIÑON', 0, NULL, NULL),
(677, 15, 268, 'EL RETEN', 0, NULL, NULL),
(678, 15, 288, 'FUNDACION', 0, NULL, NULL),
(679, 15, 318, 'GUAMAL', 0, NULL, NULL),
(680, 15, 541, 'PEDRAZA', 0, NULL, NULL),
(681, 15, 545, 'PIJIÑO DEL CARMEN (PIJIÑO)', 0, NULL, NULL),
(682, 15, 551, 'PIVIJAY', 0, NULL, NULL),
(683, 15, 555, 'PLATO', 0, NULL, NULL),
(684, 15, 570, 'PUEBLOVIEJO', 0, NULL, NULL),
(685, 15, 605, 'REMOLINO', 0, NULL, NULL),
(686, 15, 660, 'SABANAS DE SAN ANGEL', 0, NULL, NULL),
(687, 15, 675, 'SALAMINA', 0, NULL, NULL),
(688, 15, 692, 'SAN SEBASTIAN DE BUENAVISTA', 0, NULL, NULL),
(689, 15, 703, 'SAN ZENON', 0, NULL, NULL),
(690, 15, 707, 'SANTA ANA', 0, NULL, NULL),
(691, 15, 745, 'SITIONUEVO', 0, NULL, NULL),
(692, 15, 798, 'TENERIFE', 0, NULL, NULL),
(693, 16, 1, 'VILLAVICENCIO', 0, NULL, NULL),
(694, 16, 6, 'ACACIAS', 0, NULL, NULL),
(695, 16, 110, 'BARRANCA DE UPIA', 0, NULL, NULL),
(696, 16, 124, 'CABUYARO', 0, NULL, NULL),
(697, 16, 150, 'CASTILLA LA NUEVA', 0, NULL, NULL),
(698, 16, 223, 'SAN LUIS DE CUBARRAL', 0, NULL, NULL),
(699, 16, 226, 'CUMARAL', 0, NULL, NULL),
(700, 16, 245, 'EL CALVARIO', 0, NULL, NULL),
(701, 16, 251, 'EL CASTILLO', 0, NULL, NULL),
(702, 16, 270, 'EL DORADO', 0, NULL, NULL),
(703, 16, 287, 'FUENTE DE ORO', 0, NULL, NULL),
(704, 16, 313, 'GRANADA', 0, NULL, NULL),
(705, 16, 318, 'GUAMAL', 0, NULL, NULL),
(706, 16, 325, 'MAPIRIPAN', 0, NULL, NULL),
(707, 16, 330, 'MESETAS', 0, NULL, NULL),
(708, 16, 350, 'LA MACARENA', 0, NULL, NULL),
(709, 16, 370, 'LA URIBE', 0, NULL, NULL),
(710, 16, 400, 'LEJANIAS', 0, NULL, NULL),
(711, 16, 450, 'PUERTO CONCORDIA', 0, NULL, NULL),
(712, 16, 568, 'PUERTO GAITAN', 0, NULL, NULL),
(713, 16, 573, 'PUERTO LOPEZ', 0, NULL, NULL),
(714, 16, 577, 'PUERTO LLERAS', 0, NULL, NULL),
(715, 16, 590, 'PUERTO RICO', 0, NULL, NULL),
(716, 16, 606, 'RESTREPO', 0, NULL, NULL),
(717, 16, 680, 'SAN CARLOS DE GUAROA', 0, NULL, NULL),
(718, 16, 683, 'SAN JUAN DE ARAMA', 0, NULL, NULL),
(719, 16, 686, 'SAN JUANITO', 0, NULL, NULL),
(720, 16, 689, 'SAN MARTIN', 0, NULL, NULL),
(721, 16, 711, 'VISTAHERMOSA', 0, NULL, NULL),
(722, 17, 1, 'PASTO (SAN JUAN DE PASTO)', 0, NULL, NULL),
(723, 17, 19, 'ALBAN (SAN JOSE)', 0, NULL, NULL),
(724, 17, 22, 'ALDANA', 0, NULL, NULL),
(725, 17, 36, 'ANCUYA', 0, NULL, NULL),
(726, 17, 51, 'ARBOLEDA (BERRUECOS)', 0, NULL, NULL),
(727, 17, 79, 'BARBACOAS', 0, NULL, NULL),
(728, 17, 83, 'BELEN', 0, NULL, NULL),
(729, 17, 110, 'BUESACO', 0, NULL, NULL),
(730, 17, 203, 'COLON (GENOVA)', 0, NULL, NULL),
(731, 17, 207, 'CONSACA', 0, NULL, NULL),
(732, 17, 210, 'CONTADERO', 0, NULL, NULL),
(733, 17, 215, 'CORDOBA', 0, NULL, NULL),
(734, 17, 224, 'CUASPUD (CARLOSAMA)', 0, NULL, NULL),
(735, 17, 227, 'CUMBAL', 0, NULL, NULL),
(736, 17, 233, 'CUMBITARA', 0, NULL, NULL),
(737, 17, 240, 'CHACHAGUI', 0, NULL, NULL),
(738, 17, 250, 'EL CHARCO', 0, NULL, NULL),
(739, 17, 254, 'EL PEÑOL', 0, NULL, NULL),
(740, 17, 256, 'EL ROSARIO', 0, NULL, NULL),
(741, 17, 258, 'EL TABLON', 0, NULL, NULL),
(742, 17, 260, 'EL TAMBO', 0, NULL, NULL),
(743, 17, 287, 'FUNES', 0, NULL, NULL),
(744, 17, 317, 'GUACHUCAL', 0, NULL, NULL),
(745, 17, 320, 'GUAITARILLA', 0, NULL, NULL),
(746, 17, 323, 'GUALMATAN', 0, NULL, NULL),
(747, 17, 352, 'ILES', 0, NULL, NULL),
(748, 17, 354, 'IMUES', 0, NULL, NULL),
(749, 17, 356, 'IPIALES', 0, NULL, NULL),
(750, 17, 378, 'LA CRUZ', 0, NULL, NULL),
(751, 17, 381, 'LA FLORIDA', 0, NULL, NULL),
(752, 17, 385, 'LA LLANADA', 0, NULL, NULL),
(753, 17, 390, 'LA TOLA', 0, NULL, NULL),
(754, 17, 399, 'LA UNION', 0, NULL, NULL),
(755, 17, 405, 'LEIVA', 0, NULL, NULL),
(756, 17, 411, 'LINARES', 0, NULL, NULL),
(757, 17, 418, 'LOS ANDES (SOTOMAYOR)', 0, NULL, NULL),
(758, 17, 427, 'MAGUI (PAYAN)', 0, NULL, NULL),
(759, 17, 435, 'MALLAMA (PIEDRANCHA)', 0, NULL, NULL),
(760, 17, 473, 'MOSQUERA', 0, NULL, NULL),
(761, 17, 490, 'OLAYA HERRERA (BOCAS DE SATINGA)', 0, NULL, NULL),
(762, 17, 506, 'OSPINA', 0, NULL, NULL),
(763, 17, 520, 'FRANCISCO PIZARRO (SALAHONDA)', 0, NULL, NULL),
(764, 17, 540, 'POLICARPA', 0, NULL, NULL),
(765, 17, 560, 'POTOSI', 0, NULL, NULL),
(766, 17, 565, 'PROVIDENCIA', 0, NULL, NULL),
(767, 17, 573, 'PUERRES', 0, NULL, NULL),
(768, 17, 585, 'PUPIALES', 0, NULL, NULL),
(769, 17, 612, 'RICAURTE', 0, NULL, NULL),
(770, 17, 621, 'ROBERTO PAYAN (SAN JOSE)', 0, NULL, NULL),
(771, 17, 678, 'SAMANIEGO', 0, NULL, NULL),
(772, 17, 683, 'SANDONA', 0, NULL, NULL),
(773, 17, 685, 'SAN BERNARDO', 0, NULL, NULL),
(774, 17, 687, 'SAN LORENZO', 0, NULL, NULL),
(775, 17, 693, 'SAN PABLO', 0, NULL, NULL),
(776, 17, 694, 'SAN PEDRO DE CARTAGO', 0, NULL, NULL),
(777, 17, 696, 'SANTA BARBARA (ISCUANDE)', 0, NULL, NULL),
(778, 17, 699, 'SANTA CRUZ (GUACHAVES)', 0, NULL, NULL),
(779, 17, 720, 'SAPUYES', 0, NULL, NULL),
(780, 17, 786, 'TAMINANGO', 0, NULL, NULL),
(781, 17, 788, 'TANGUA', 0, NULL, NULL),
(782, 17, 835, 'TUMACO', 0, NULL, NULL),
(783, 17, 838, 'TUQUERRES', 0, NULL, NULL),
(784, 17, 885, 'YACUANQUER', 0, NULL, NULL),
(785, 18, 1, 'CUCUTA', 0, NULL, NULL),
(786, 18, 3, 'ABREGO', 0, NULL, NULL),
(787, 18, 51, 'ARBOLEDAS', 0, NULL, NULL),
(788, 18, 99, 'BOCHALEMA', 0, NULL, NULL),
(789, 18, 109, 'BUCARASICA', 0, NULL, NULL),
(790, 18, 125, 'CACOTA', 0, NULL, NULL),
(791, 18, 128, 'CACHIRA', 0, NULL, NULL),
(792, 18, 172, 'CHINACOTA', 0, NULL, NULL),
(793, 18, 174, 'CHITAGA', 0, NULL, NULL),
(794, 18, 206, 'CONVENCION', 0, NULL, NULL),
(795, 18, 223, 'CUCUTILLA', 0, NULL, NULL),
(796, 18, 239, 'DURANIA', 0, NULL, NULL),
(797, 18, 245, 'EL CARMEN', 0, NULL, NULL),
(798, 18, 250, 'EL TARRA', 0, NULL, NULL),
(799, 18, 261, 'EL ZULIA', 0, NULL, NULL),
(800, 18, 313, 'GRAMALOTE', 0, NULL, NULL),
(801, 18, 344, 'HACARI', 0, NULL, NULL),
(802, 18, 347, 'HERRAN', 0, NULL, NULL),
(803, 18, 377, 'LABATECA', 0, NULL, NULL),
(804, 18, 385, 'LA ESPERANZA', 0, NULL, NULL),
(805, 18, 398, 'LA PLAYA', 0, NULL, NULL),
(806, 18, 405, 'LOS PATIOS', 0, NULL, NULL),
(807, 18, 418, 'LOURDES', 0, NULL, NULL),
(808, 18, 480, 'MUTISCUA', 0, NULL, NULL),
(809, 18, 498, 'OCAÑA', 0, NULL, NULL),
(810, 18, 518, 'PAMPLONA', 0, NULL, NULL),
(811, 18, 520, 'PAMPLONITA', 0, NULL, NULL),
(812, 18, 553, 'PUERTO SANTANDER', 0, NULL, NULL),
(813, 18, 599, 'RAGONVALIA', 0, NULL, NULL),
(814, 18, 660, 'SALAZAR', 0, NULL, NULL),
(815, 18, 670, 'SAN CALIXTO', 0, NULL, NULL),
(816, 18, 673, 'SAN CAYETANO', 0, NULL, NULL),
(817, 18, 680, 'SANTIAGO', 0, NULL, NULL),
(818, 18, 720, 'SARDINATA', 0, NULL, NULL),
(819, 18, 743, 'SILOS', 0, NULL, NULL),
(820, 18, 800, 'TEORAMA', 0, NULL, NULL),
(821, 18, 810, 'TIBU', 0, NULL, NULL),
(822, 18, 820, 'TOLEDO', 0, NULL, NULL),
(823, 18, 871, 'VILLACARO', 0, NULL, NULL),
(824, 18, 874, 'VILLA DEL ROSARIO', 0, NULL, NULL),
(825, 19, 1, 'ARMENIA', 0, NULL, NULL),
(826, 19, 111, 'BUENAVISTA', 0, NULL, NULL),
(827, 19, 130, 'CALARCA', 0, NULL, NULL),
(828, 19, 190, 'CIRCASIA', 0, NULL, NULL),
(829, 19, 212, 'CORDOBA', 0, NULL, NULL),
(830, 19, 272, 'FILANDIA', 0, NULL, NULL),
(831, 19, 302, 'GENOVA', 0, NULL, NULL),
(832, 19, 401, 'LA TEBAIDA', 0, NULL, NULL),
(833, 19, 470, 'MONTENEGRO', 0, NULL, NULL),
(834, 19, 548, 'PIJAO', 0, NULL, NULL),
(835, 19, 594, 'QUIMBAYA', 0, NULL, NULL),
(836, 19, 690, 'SALENTO', 0, NULL, NULL),
(837, 20, 1, 'PEREIRA', 0, NULL, NULL),
(838, 20, 45, 'APIA', 0, NULL, NULL),
(839, 20, 75, 'BALBOA', 0, NULL, NULL),
(840, 20, 88, 'BELEN DE UMBRIA', 0, NULL, NULL),
(841, 20, 170, 'DOS QUEBRADAS', 0, NULL, NULL),
(842, 20, 318, 'GUATICA', 0, NULL, NULL),
(843, 20, 383, 'LA CELIA', 0, NULL, NULL),
(844, 20, 400, 'LA VIRGINIA', 0, NULL, NULL),
(845, 20, 440, 'MARSELLA', 0, NULL, NULL),
(846, 20, 456, 'MISTRATO', 0, NULL, NULL),
(847, 20, 572, 'PUEBLO RICO', 0, NULL, NULL),
(848, 20, 594, 'QUINCHIA', 0, NULL, NULL),
(849, 20, 682, 'SANTA ROSA DE CABAL', 0, NULL, NULL),
(850, 20, 687, 'SANTUARIO', 0, NULL, NULL),
(851, 21, 1, 'BUCARAMANGA', 0, NULL, NULL),
(852, 21, 13, 'AGUADA', 0, NULL, NULL),
(853, 21, 20, 'ALBANIA', 0, NULL, NULL),
(854, 21, 51, 'ARATOCA', 0, NULL, NULL),
(855, 21, 77, 'BARBOSA', 0, NULL, NULL),
(856, 21, 79, 'BARICHARA', 0, NULL, NULL),
(857, 21, 81, 'BARRANCABERMEJA', 0, NULL, NULL),
(858, 21, 92, 'BETULIA', 0, NULL, NULL),
(859, 21, 101, 'BOLIVAR', 0, NULL, NULL),
(860, 21, 121, 'CABRERA', 0, NULL, NULL),
(861, 21, 132, 'CALIFORNIA', 0, NULL, NULL),
(862, 21, 147, 'CAPITANEJO', 0, NULL, NULL),
(863, 21, 152, 'CARCASI', 0, NULL, NULL),
(864, 21, 160, 'CEPITA', 0, NULL, NULL),
(865, 21, 162, 'CERRITO', 0, NULL, NULL),
(866, 21, 167, 'CHARALA', 0, NULL, NULL),
(867, 21, 169, 'CHARTA', 0, NULL, NULL),
(868, 21, 176, 'CHIMA', 0, NULL, NULL),
(869, 21, 179, 'CHIPATA', 0, NULL, NULL),
(870, 21, 190, 'CIMITARRA', 0, NULL, NULL),
(871, 21, 207, 'CONCEPCION', 0, NULL, NULL),
(872, 21, 209, 'CONFINES', 0, NULL, NULL),
(873, 21, 211, 'CONTRATACION', 0, NULL, NULL),
(874, 21, 217, 'COROMORO', 0, NULL, NULL),
(875, 21, 229, 'CURITI', 0, NULL, NULL),
(876, 21, 235, 'EL CARMEN DE CHUCURY', 0, NULL, NULL),
(877, 21, 245, 'EL GUACAMAYO', 0, NULL, NULL),
(878, 21, 250, 'EL PEÑON', 0, NULL, NULL),
(879, 21, 255, 'EL PLAYON', 0, NULL, NULL),
(880, 21, 264, 'ENCINO', 0, NULL, NULL),
(881, 21, 266, 'ENCISO', 0, NULL, NULL),
(882, 21, 271, 'FLORIAN', 0, NULL, NULL),
(883, 21, 276, 'FLORIDABLANCA', 0, NULL, NULL),
(884, 21, 296, 'GALAN', 0, NULL, NULL),
(885, 21, 298, 'GAMBITA', 0, NULL, NULL),
(886, 21, 307, 'GIRON', 0, NULL, NULL),
(887, 21, 318, 'GUACA', 0, NULL, NULL),
(888, 21, 320, 'GUADALUPE', 0, NULL, NULL),
(889, 21, 322, 'GUAPOTA', 0, NULL, NULL),
(890, 21, 324, 'GUAVATA', 0, NULL, NULL),
(891, 21, 327, 'GUEPSA', 0, NULL, NULL),
(892, 21, 344, 'HATO', 0, NULL, NULL),
(893, 21, 368, 'JESUS MARIA', 0, NULL, NULL),
(894, 21, 370, 'JORDAN', 0, NULL, NULL),
(895, 21, 377, 'LA BELLEZA', 0, NULL, NULL),
(896, 21, 385, 'LANDAZURI', 0, NULL, NULL),
(897, 21, 397, 'LA PAZ', 0, NULL, NULL),
(898, 21, 406, 'LEBRIJA', 0, NULL, NULL),
(899, 21, 418, 'LOS SANTOS', 0, NULL, NULL),
(900, 21, 425, 'MACARAVITA', 0, NULL, NULL),
(901, 21, 432, 'MALAGA', 0, NULL, NULL),
(902, 21, 444, 'MATANZA', 0, NULL, NULL),
(903, 21, 464, 'MOGOTES', 0, NULL, NULL),
(904, 21, 468, 'MOLAGAVITA', 0, NULL, NULL),
(905, 21, 498, 'OCAMONTE', 0, NULL, NULL),
(906, 21, 500, 'OIBA', 0, NULL, NULL),
(907, 21, 502, 'ONZAGA', 0, NULL, NULL),
(908, 21, 522, 'PALMAR', 0, NULL, NULL),
(909, 21, 524, 'PALMAS DEL SOCORRO', 0, NULL, NULL),
(910, 21, 533, 'PARAMO', 0, NULL, NULL),
(911, 21, 547, 'PIEDECUESTA', 0, NULL, NULL),
(912, 21, 549, 'PINCHOTE', 0, NULL, NULL),
(913, 21, 572, 'PUENTE NACIONAL', 0, NULL, NULL),
(914, 21, 573, 'PUERTO PARRA', 0, NULL, NULL),
(915, 21, 575, 'PUERTO WILCHES', 0, NULL, NULL),
(916, 21, 615, 'RIONEGRO', 0, NULL, NULL),
(917, 21, 655, 'SABANA DE TORRES', 0, NULL, NULL),
(918, 21, 669, 'SAN ANDRES', 0, NULL, NULL),
(919, 21, 673, 'SAN BENITO', 0, NULL, NULL),
(920, 21, 679, 'SAN GIL', 0, NULL, NULL),
(921, 21, 682, 'SAN JOAQUIN', 0, NULL, NULL),
(922, 21, 684, 'SAN JOSE DE MIRANDA', 0, NULL, NULL),
(923, 21, 686, 'SAN MIGUEL', 0, NULL, NULL),
(924, 21, 689, 'SAN VICENTE DE CHUCURI', 0, NULL, NULL),
(925, 21, 705, 'SANTA BARBARA', 0, NULL, NULL),
(926, 21, 720, 'SANTA HELENA DEL OPON', 0, NULL, NULL),
(927, 21, 745, 'SIMACOTA', 0, NULL, NULL),
(928, 21, 755, 'SOCORRO', 0, NULL, NULL),
(929, 21, 770, 'SUAITA', 0, NULL, NULL),
(930, 21, 773, 'SUCRE', 0, NULL, NULL),
(931, 21, 780, 'SURATA', 0, NULL, NULL),
(932, 21, 820, 'TONA', 0, NULL, NULL),
(933, 21, 855, 'VALLE SAN JOSE', 0, NULL, NULL),
(934, 21, 861, 'VELEZ', 0, NULL, NULL),
(935, 21, 867, 'VETAS', 0, NULL, NULL),
(936, 21, 872, 'VILLANUEVA', 0, NULL, NULL),
(937, 21, 895, 'ZAPATOCA', 0, NULL, NULL),
(938, 22, 1, 'SINCELEJO', 0, NULL, NULL),
(939, 22, 110, 'BUENAVISTA', 0, NULL, NULL),
(940, 22, 124, 'CAIMITO', 0, NULL, NULL),
(941, 22, 204, 'COLOSO (RICAURTE)', 0, NULL, NULL),
(942, 22, 215, 'COROZAL', 0, NULL, NULL),
(943, 22, 230, 'CHALAN', 0, NULL, NULL),
(944, 22, 235, 'GALERAS (NUEVA GRANADA)', 0, NULL, NULL),
(945, 22, 265, 'GUARANDA', 0, NULL, NULL),
(946, 22, 400, 'LA UNION', 0, NULL, NULL),
(947, 22, 418, 'LOS PALMITOS', 0, NULL, NULL),
(948, 22, 429, 'MAJAGUAL', 0, NULL, NULL),
(949, 22, 473, 'MORROA', 0, NULL, NULL),
(950, 22, 508, 'OVEJAS', 0, NULL, NULL),
(951, 22, 523, 'PALMITO', 0, NULL, NULL),
(952, 22, 670, 'SAMPUES', 0, NULL, NULL),
(953, 22, 678, 'SAN BENITO ABAD', 0, NULL, NULL),
(954, 22, 702, 'SAN JUAN DE BETULIA', 0, NULL, NULL),
(955, 22, 708, 'SAN MARCOS', 0, NULL, NULL),
(956, 22, 713, 'SAN ONOFRE', 0, NULL, NULL),
(957, 22, 717, 'SAN PEDRO', 0, NULL, NULL),
(958, 22, 742, 'SINCE', 0, NULL, NULL),
(959, 22, 771, 'SUCRE', 0, NULL, NULL),
(960, 22, 820, 'TOLU', 0, NULL, NULL),
(961, 22, 823, 'TOLUVIEJO', 0, NULL, NULL),
(962, 23, 1, 'IBAGUE', 0, NULL, NULL),
(963, 23, 24, 'ALPUJARRA', 0, NULL, NULL),
(964, 23, 26, 'ALVARADO', 0, NULL, NULL),
(965, 23, 30, 'AMBALEMA', 0, NULL, NULL),
(966, 23, 43, 'ANZOATEGUI', 0, NULL, NULL),
(967, 23, 55, 'ARMERO (GUAYABAL)', 0, NULL, NULL),
(968, 23, 67, 'ATACO', 0, NULL, NULL),
(969, 23, 124, 'CAJAMARCA', 0, NULL, NULL),
(970, 23, 148, 'CARMEN APICALA', 0, NULL, NULL),
(971, 23, 152, 'CASABIANCA', 0, NULL, NULL),
(972, 23, 168, 'CHAPARRAL', 0, NULL, NULL),
(973, 23, 200, 'COELLO', 0, NULL, NULL),
(974, 23, 217, 'COYAIMA', 0, NULL, NULL),
(975, 23, 226, 'CUNDAY', 0, NULL, NULL),
(976, 23, 236, 'DOLORES', 0, NULL, NULL),
(977, 23, 268, 'ESPINAL', 0, NULL, NULL),
(978, 23, 270, 'FALAN', 0, NULL, NULL),
(979, 23, 275, 'FLANDES', 0, NULL, NULL),
(980, 23, 283, 'FRESNO', 0, NULL, NULL),
(981, 23, 319, 'GUAMO', 0, NULL, NULL),
(982, 23, 347, 'HERVEO', 0, NULL, NULL),
(983, 23, 349, 'HONDA', 0, NULL, NULL),
(984, 23, 352, 'ICONONZO', 0, NULL, NULL),
(985, 23, 408, 'LERIDA', 0, NULL, NULL),
(986, 23, 411, 'LIBANO', 0, NULL, NULL),
(987, 23, 443, 'MARIQUITA', 0, NULL, NULL),
(988, 23, 449, 'MELGAR', 0, NULL, NULL),
(989, 23, 461, 'MURILLO', 0, NULL, NULL),
(990, 23, 483, 'NATAGAIMA', 0, NULL, NULL),
(991, 23, 504, 'ORTEGA', 0, NULL, NULL),
(992, 23, 520, 'PALOCABILDO', 0, NULL, NULL),
(993, 23, 547, 'PIEDRAS', 0, NULL, NULL),
(994, 23, 555, 'PLANADAS', 0, NULL, NULL),
(995, 23, 563, 'PRADO', 0, NULL, NULL),
(996, 23, 585, 'PURIFICACION', 0, NULL, NULL),
(997, 23, 616, 'RIOBLANCO', 0, NULL, NULL),
(998, 23, 622, 'RONCESVALLES', 0, NULL, NULL),
(999, 23, 624, 'ROVIRA', 0, NULL, NULL),
(1000, 23, 671, 'SALDAÑA', 0, NULL, NULL),
(1001, 23, 675, 'SAN ANTONIO', 0, NULL, NULL),
(1002, 23, 678, 'SAN LUIS', 0, NULL, NULL),
(1003, 23, 686, 'SANTA ISABEL', 0, NULL, NULL),
(1004, 23, 770, 'SUAREZ', 0, NULL, NULL),
(1005, 23, 854, 'VALLE DE SAN JUAN', 0, NULL, NULL),
(1006, 23, 861, 'VENADILLO', 0, NULL, NULL),
(1007, 23, 870, 'VILLAHERMOSA', 0, NULL, NULL),
(1008, 23, 873, 'VILLARRICA', 0, NULL, NULL),
(1009, 24, 1, 'CALI (SANTIAGO DE CALI)', 0, NULL, NULL),
(1010, 24, 20, 'ALCALA', 0, NULL, NULL),
(1011, 24, 36, 'ANDALUCIA', 0, NULL, NULL),
(1012, 24, 41, 'ANSERMANUEVO', 0, NULL, NULL),
(1013, 24, 54, 'ARGELIA', 0, NULL, NULL),
(1014, 24, 100, 'BOLIVAR', 0, NULL, NULL),
(1015, 24, 109, 'BUENAVENTURA', 0, NULL, NULL),
(1016, 24, 111, 'BUGA', 0, NULL, NULL),
(1017, 24, 113, 'BUGALAGRANDE', 0, NULL, NULL),
(1018, 24, 122, 'CAICEDONIA', 0, NULL, NULL),
(1019, 24, 126, 'CALIMA (DARIEN)', 0, NULL, NULL),
(1020, 24, 130, 'CANDELARIA', 0, NULL, NULL),
(1021, 24, 147, 'CARTAGO', 0, NULL, NULL),
(1022, 24, 233, 'DAGUA', 0, NULL, NULL),
(1023, 24, 243, 'EL AGUILA', 0, NULL, NULL),
(1024, 24, 246, 'EL CAIRO', 0, NULL, NULL),
(1025, 24, 248, 'EL CERRITO', 0, NULL, NULL),
(1026, 24, 250, 'EL DOVIO', 0, NULL, NULL),
(1027, 24, 275, 'FLORIDA', 0, NULL, NULL),
(1028, 24, 306, 'GINEBRA', 0, NULL, NULL),
(1029, 24, 318, 'GUACARI', 0, NULL, NULL),
(1030, 24, 364, 'JAMUNDI', 0, NULL, NULL),
(1031, 24, 377, 'LA CUMBRE', 0, NULL, NULL),
(1032, 24, 400, 'LA UNION', 0, NULL, NULL),
(1033, 24, 403, 'LA VICTORIA', 0, NULL, NULL),
(1034, 24, 497, 'OBANDO', 0, NULL, NULL),
(1035, 24, 520, 'PALMIRA', 0, NULL, NULL),
(1036, 24, 563, 'PRADERA', 0, NULL, NULL),
(1037, 24, 606, 'RESTREPO', 0, NULL, NULL),
(1038, 24, 616, 'RIOFRIO', 0, NULL, NULL),
(1039, 24, 622, 'ROLDANILLO', 0, NULL, NULL),
(1040, 24, 670, 'SAN PEDRO', 0, NULL, NULL),
(1041, 24, 736, 'SEVILLA', 0, NULL, NULL),
(1042, 24, 823, 'TORO', 0, NULL, NULL),
(1043, 24, 828, 'TRUJILLO', 0, NULL, NULL),
(1044, 24, 834, 'TULUA', 0, NULL, NULL),
(1045, 24, 845, 'ULLOA', 0, NULL, NULL),
(1046, 24, 863, 'VERSALLES', 0, NULL, NULL),
(1047, 24, 869, 'VIJES', 0, NULL, NULL),
(1048, 24, 890, 'YOTOCO', 0, NULL, NULL),
(1049, 24, 892, 'YUMBO', 0, NULL, NULL),
(1050, 24, 895, 'ZARZAL', 0, NULL, NULL),
(1051, 25, 1, 'ARAUCA', 0, NULL, NULL),
(1052, 25, 65, 'ARAUQUITA', 0, NULL, NULL),
(1053, 25, 220, 'CRAVO NORTE', 0, NULL, NULL),
(1054, 25, 300, 'FORTUL', 0, NULL, NULL),
(1055, 25, 591, 'PUERTO RONDON', 0, NULL, NULL),
(1056, 25, 736, 'SARAVENA', 0, NULL, NULL),
(1057, 25, 794, 'TAME', 0, NULL, NULL),
(1058, 26, 1, 'YOPAL', 0, NULL, NULL),
(1059, 26, 10, 'AGUAZUL', 0, NULL, NULL),
(1060, 26, 15, 'CHAMEZA', 0, NULL, NULL),
(1061, 26, 125, 'HATO COROZAL', 0, NULL, NULL),
(1062, 26, 136, 'LA SALINA', 0, NULL, NULL),
(1063, 26, 139, 'MANI', 0, NULL, NULL),
(1064, 26, 162, 'MONTERREY', 0, NULL, NULL),
(1065, 26, 225, 'NUNCHIA', 0, NULL, NULL),
(1066, 26, 230, 'OROCUE', 0, NULL, NULL),
(1067, 26, 250, 'PAZ DE ARIPORO', 0, NULL, NULL),
(1068, 26, 263, 'PORE', 0, NULL, NULL),
(1069, 26, 279, 'RECETOR', 0, NULL, NULL),
(1070, 26, 300, 'SABANALARGA', 0, NULL, NULL),
(1071, 26, 315, 'SACAMA', 0, NULL, NULL),
(1072, 26, 325, 'SAN LUIS DE PALENQUE', 0, NULL, NULL),
(1073, 26, 400, 'TAMARA', 0, NULL, NULL),
(1074, 26, 410, 'TAURAMENA', 0, NULL, NULL),
(1075, 26, 430, 'TRINIDAD', 0, NULL, NULL),
(1076, 26, 440, 'VILLANUEVA', 0, NULL, NULL),
(1077, 27, 1, 'MOCOA', 0, NULL, NULL),
(1078, 27, 219, 'COLON', 0, NULL, NULL),
(1079, 27, 320, 'ORITO', 0, NULL, NULL),
(1080, 27, 568, 'PUERTO ASIS', 0, NULL, NULL),
(1081, 27, 569, 'PUERTO CAICEDO', 0, NULL, NULL),
(1082, 27, 571, 'PUERTO GUZMAN', 0, NULL, NULL),
(1083, 27, 573, 'PUERTO LEGUIZAMO', 0, NULL, NULL),
(1084, 27, 749, 'SIBUNDOY', 0, NULL, NULL),
(1085, 27, 755, 'SAN FRANCISCO', 0, NULL, NULL),
(1086, 27, 757, 'SAN MIGUEL (LA DORADA)', 0, NULL, NULL),
(1087, 27, 760, 'SANTIAGO', 0, NULL, NULL),
(1088, 27, 865, 'LA HORMIGA (VALLE DEL GUAMUEZ)', 0, NULL, NULL),
(1089, 27, 885, 'VILLAGARZON', 0, NULL, NULL),
(1090, 28, 1, 'SAN ANDRES', 0, NULL, NULL),
(1091, 28, 564, 'PROVIDENCIA', 0, NULL, NULL),
(1092, 29, 1, 'LETICIA', 0, NULL, NULL),
(1093, 29, 263, 'EL ENCANTO', 0, NULL, NULL),
(1094, 29, 405, 'LA CHORRERA', 0, NULL, NULL),
(1095, 29, 407, 'LA PEDRERA', 0, NULL, NULL),
(1096, 29, 430, 'LA VICTORIA', 0, NULL, NULL),
(1097, 29, 460, 'MIRITI-PARANA', 0, NULL, NULL),
(1098, 29, 530, 'PUERTO ALEGRIA', 0, NULL, NULL),
(1099, 29, 536, 'PUERTO ARICA', 0, NULL, NULL),
(1100, 29, 540, 'PUERTO NARIÑO', 0, NULL, NULL),
(1101, 29, 669, 'PUERTO SANTANDER', 0, NULL, NULL),
(1102, 29, 798, 'TARAPACA', 0, NULL, NULL),
(1103, 30, 1, 'PUERTO INIRIDA', 0, NULL, NULL),
(1104, 30, 343, 'BARRANCO MINAS', 0, NULL, NULL),
(1105, 30, 883, 'SAN FELIPE', 0, NULL, NULL),
(1106, 30, 884, 'PUERTO COLOMBIA', 0, NULL, NULL),
(1107, 30, 885, 'LA GUADALUPE', 0, NULL, NULL),
(1108, 30, 886, 'CACAHUAL', 0, NULL, NULL),
(1109, 30, 887, 'PANA PANA (CAMPO ALEGRE)', 0, NULL, NULL),
(1110, 30, 888, 'MORICHAL (MORICHAL NUEVO)', 0, NULL, NULL),
(1111, 31, 1, 'SAN JOSE DEL GUAVIARE', 0, NULL, NULL),
(1112, 31, 15, 'CALAMAR', 0, NULL, NULL),
(1113, 31, 25, 'EL RETORNO', 0, NULL, NULL),
(1114, 31, 200, 'MIRAFLORES', 0, NULL, NULL),
(1115, 32, 1, 'MITU', 0, NULL, NULL),
(1116, 32, 161, 'CARURU', 0, NULL, NULL),
(1117, 32, 511, 'PACOA', 0, NULL, NULL),
(1118, 32, 666, 'TARAIRA', 0, NULL, NULL),
(1119, 32, 777, 'PAPUNAUA (MORICHAL)', 0, NULL, NULL),
(1120, 32, 889, 'YAVARATE', 0, NULL, NULL),
(1121, 33, 1, 'PUERTO CARREÑO', 0, NULL, NULL),
(1122, 33, 524, 'LA PRIMAVERA', 0, NULL, NULL),
(1123, 33, 572, 'SANTA RITA', 0, NULL, NULL),
(1124, 33, 666, 'SANTA ROSALIA', 0, NULL, NULL),
(1125, 33, 760, 'SAN JOSE DE OCUNE', 0, NULL, NULL),
(1126, 33, 773, 'CUMARIBO', 0, NULL, NULL);

-- --------------------------------------------------------

--
-- Estructura de tabla para la tabla `departamentos`
--

CREATE TABLE `departamentos` (
  `id` bigint(20) UNSIGNED NOT NULL,
  `nombre_departamento` varchar(120) COLLATE utf8mb4_unicode_ci NOT NULL,
  `codigo_departamento` varchar(120) COLLATE utf8mb4_unicode_ci NOT NULL,
  `estado_departamento` int(11) NOT NULL,
  `created_at` timestamp NULL DEFAULT NULL,
  `updated_at` timestamp NULL DEFAULT NULL
) ENGINE=InnoDB DEFAULT CHARSET=utf8mb4 COLLATE=utf8mb4_unicode_ci;

--
-- Volcado de datos para la tabla `departamentos`
--

INSERT INTO `departamentos` (`id`, `nombre_departamento`, `codigo_departamento`, `estado_departamento`, `created_at`, `updated_at`) VALUES
(1, 'Antioquia', '5', 0, NULL, NULL),
(2, 'Atlantico', '8', 0, NULL, NULL),
(3, 'D. C. Santa Fe de Bogotá', '11', 0, NULL, NULL),
(4, 'Bolivar', '13', 0, NULL, NULL),
(5, 'Boyaca', '15', 0, NULL, NULL),
(6, 'Caldas', '17', 0, NULL, NULL),
(7, 'Caqueta', '18', 0, NULL, NULL),
(8, 'Cauca', '19', 0, NULL, NULL),
(9, 'Cesar', '20', 0, NULL, NULL),
(10, 'Cordova', '23', 0, NULL, NULL),
(11, 'Cundinamarca', '25', 0, NULL, NULL),
(12, 'Choco', '27', 0, NULL, NULL),
(13, 'Huila', '41', 0, NULL, NULL),
(14, 'La Guajira', '44', 0, NULL, NULL),
(15, 'Magdalena', '47', 0, NULL, NULL),
(16, 'Meta', '50', 0, NULL, NULL),
(17, 'Nariño', '52', 0, NULL, NULL),
(18, 'Norte de Santander', '54', 0, NULL, NULL),
(19, 'Quindio', '63', 0, NULL, NULL),
(20, 'Risaralda', '66', 0, NULL, NULL),
(21, 'Santander', '68', 0, NULL, NULL),
(22, 'Sucre', '70', 0, NULL, NULL),
(23, 'Tolima', '73', 0, NULL, NULL),
(24, 'Valle', '76', 0, NULL, NULL),
(25, 'Arauca', '81', 0, NULL, NULL),
(26, 'Casanare', '85', 0, NULL, NULL),
(27, 'Putumayo', '86', 0, NULL, NULL),
(28, 'San Andres', '88', 0, NULL, NULL),
(29, 'Amazonas', '91', 0, NULL, NULL),
(30, 'Guainia', '94', 0, NULL, NULL),
(31, 'Guaviare', '95', 0, NULL, NULL),
(32, 'Vaupes', '97', 0, NULL, NULL),
(33, 'Vichada', '99', 0, NULL, NULL);

-- --------------------------------------------------------

--
-- Estructura de tabla para la tabla `detalle_usuario_tiendas`
--

CREATE TABLE `detalle_usuario_tiendas` (
  `id` bigint(20) UNSIGNED NOT NULL,
  `id_persona` int(11) NOT NULL,
  `id_tienda` int(11) NOT NULL,
  `created_at` timestamp NULL DEFAULT NULL,
  `updated_at` timestamp NULL DEFAULT NULL
) ENGINE=InnoDB DEFAULT CHARSET=utf8mb4 COLLATE=utf8mb4_unicode_ci;

--
-- Volcado de datos para la tabla `detalle_usuario_tiendas`
--

INSERT INTO `detalle_usuario_tiendas` (`id`, `id_persona`, `id_tienda`, `created_at`, `updated_at`) VALUES
(1, 1, 33425, NULL, NULL),
(2, 2, 22562, NULL, NULL);

-- --------------------------------------------------------

--
-- Estructura de tabla para la tabla `failed_jobs`
--

CREATE TABLE `failed_jobs` (
  `id` bigint(20) UNSIGNED NOT NULL,
  `connection` text COLLATE utf8mb4_unicode_ci NOT NULL,
  `queue` text COLLATE utf8mb4_unicode_ci NOT NULL,
  `payload` longtext COLLATE utf8mb4_unicode_ci NOT NULL,
  `exception` longtext COLLATE utf8mb4_unicode_ci NOT NULL,
  `failed_at` timestamp NOT NULL DEFAULT current_timestamp()
) ENGINE=InnoDB DEFAULT CHARSET=utf8mb4 COLLATE=utf8mb4_unicode_ci;

-- --------------------------------------------------------

--
-- Estructura de tabla para la tabla `migrations`
--

CREATE TABLE `migrations` (
  `id` int(10) UNSIGNED NOT NULL,
  `migration` varchar(255) COLLATE utf8mb4_unicode_ci NOT NULL,
  `batch` int(11) NOT NULL
) ENGINE=InnoDB DEFAULT CHARSET=utf8mb4 COLLATE=utf8mb4_unicode_ci;

-- --------------------------------------------------------

--
-- Estructura de tabla para la tabla `password_resets`
--

CREATE TABLE `password_resets` (
  `email` varchar(255) COLLATE utf8mb4_unicode_ci NOT NULL,
  `token` varchar(255) COLLATE utf8mb4_unicode_ci NOT NULL,
  `created_at` timestamp NULL DEFAULT NULL
) ENGINE=InnoDB DEFAULT CHARSET=utf8mb4 COLLATE=utf8mb4_unicode_ci;

-- --------------------------------------------------------

--
-- Estructura de tabla para la tabla `permissions`
--

CREATE TABLE `permissions` (
  `id` bigint(20) UNSIGNED NOT NULL,
  `name` varchar(255) COLLATE utf8mb4_unicode_ci NOT NULL,
  `slug` varchar(255) COLLATE utf8mb4_unicode_ci NOT NULL,
  `description` text COLLATE utf8mb4_unicode_ci DEFAULT NULL,
  `created_at` timestamp NULL DEFAULT NULL,
  `updated_at` timestamp NULL DEFAULT NULL
) ENGINE=InnoDB DEFAULT CHARSET=utf8mb4 COLLATE=utf8mb4_unicode_ci;

--
-- Volcado de datos para la tabla `permissions`
--

INSERT INTO `permissions` (`id`, `name`, `slug`, `description`, `created_at`, `updated_at`) VALUES
(1, 'Listar role', 'role.index', 'El usuario puede list role', '2020-12-01 19:26:36', '2020-12-01 19:26:36'),
(2, 'Ver rol', 'role.show', 'El usuario puede see role', '2020-12-01 19:26:36', '2020-12-01 19:26:36'),
(3, 'Crear rol', 'role.create', 'El usuario puede create role', '2020-12-01 19:26:36', '2020-12-01 19:26:36'),
(4, 'Editar rol', 'role.edit', 'El usuario puede edit role', '2020-12-01 19:26:36', '2020-12-01 19:26:36'),
(5, 'Eliminar rol', 'role.destroy', 'El usuario puede destroy role', '2020-12-01 19:26:36', '2020-12-01 19:26:36'),
(6, 'Listar Usuario', 'user.index', 'El usuario puede list user', '2020-12-01 19:26:36', '2020-12-01 19:26:36'),
(7, 'Ver usuario', 'user.show', 'El usuario puede see user', '2020-12-01 19:26:36', '2020-12-01 19:26:36'),
(8, 'Editar usuario', 'user.edit', 'El usuario puede edit user', '2020-12-01 19:26:36', '2020-12-01 19:26:36'),
(9, 'Eliminar usuario', 'user.destroy', 'El usuario puede destroy user', '2020-12-01 19:26:36', '2020-12-01 19:26:36'),
(10, 'Ver own usuario', 'userown.show', 'El usuario puede see own user', '2020-12-01 19:26:36', '2020-12-01 19:26:36'),
(11, 'Editar own usuario', 'userown.edit', 'El usuario puede edit own user', '2020-12-01 19:26:36', '2020-12-01 19:26:36'),
(12, 'Create user', 'user.create', 'El usuario puede create user', '2020-12-01 19:26:36', '2020-12-01 19:26:36'),
(13, 'Crear tiendas', 'tiendas.create', 'El usuario puede crear una tienda.', '2020-12-01 19:26:36', '2020-12-01 19:26:36'),
(14, 'Ver todas las Tiendas', 'tiendas.show', 'El usuario puede ver todas las tiendas.', '2020-12-01 19:26:36', '2020-12-01 19:26:36'),
(15, 'Edicion tiendas', 'tiendas.edit', 'El usuario puede editar las tiendas.', '2020-12-01 19:26:37', '2020-12-01 19:26:37'),
(16, 'Eliminar tienda', 'tiendas.destroy', 'El usuario puede Eliminar una tienda.', '2020-12-01 19:26:37', '2020-12-01 19:26:37'),
(17, 'Crear categoria tiendas', 'categoryTienda.create', 'El usuario puede crear una categoria tienda.', '2020-12-01 19:26:37', '2020-12-01 19:26:37'),
(18, 'Ver todas las categorias Tiendas', 'categoryTienda.show', 'El usuario puede ver todas las categoria tiendas.', '2020-12-01 19:26:37', '2020-12-01 19:26:37'),
(19, 'Edicion categoria tiendas', 'categoryTienda.edit', 'El usuario puede editar las categoria tiendas.', '2020-12-01 19:26:37', '2020-12-01 19:26:37'),
(20, 'Eliminar categoria tienda', 'categoryTienda.destroy', 'El usuario puede Eliminar una categoria tienda.', '2020-12-01 19:26:37', '2020-12-01 19:26:37'),
(21, 'Crear productos tiendas', 'productos.create', 'El usuario puede crear un producto de la tienda.', '2020-12-01 19:26:37', '2020-12-01 19:26:37'),
(22, 'Ver todos los productos de la Tienda', 'productos.show', 'El usuario puede ver todos los productos tiendas.', '2020-12-01 19:26:37', '2020-12-01 19:26:37'),
(23, 'Edicion productos tiendas', 'productos.edit', 'El usuario puede editar los productos de la tienda.', '2020-12-01 19:26:37', '2020-12-01 19:26:37'),
(24, 'Eliminar productos tienda', 'productos.destroy', 'El usuario puede Eliminar un producto de la tienda.', '2020-12-01 19:26:37', '2020-12-01 19:26:37'),
(25, 'Crear  categorias de los productos tiendas', 'categoryProductos.create', 'El usuario puede crear un  categorias de los producto de la tienda.', '2020-12-01 19:26:37', '2020-12-01 19:26:37'),
(26, 'Ver todos los  categorias de los productos de la Tienda', 'categoryProductos.show', 'El usuario puede ver todos los  categorias de los productos tiendas.', '2020-12-01 19:26:37', '2020-12-01 19:26:37'),
(27, 'Edicion  categorias de los productos tiendas', 'categoryProductos.edit', 'El usuario puede editar los  categorias de los productos de la tienda.', '2020-12-01 19:26:37', '2020-12-01 19:26:37'),
(28, 'Eliminar  categorias de los productos tienda', 'categoryProductos.destroy', 'El usuario puede Eliminar una  categoria del producto de la tienda.', '2020-12-01 19:26:37', '2020-12-01 19:26:37'),
(29, 'Crear  adicionales de los productos tiendas', 'adicionales.create', 'El usuario puede crear adicionales de los producto de la tienda.', '2020-12-01 19:26:37', '2020-12-01 19:26:37'),
(30, 'Ver todos las adicionales de los productos de la Tienda', 'adicionales.show', 'El usuario puede ver todos los adicionales de los productos tiendas.', '2020-12-01 19:26:37', '2020-12-01 19:26:37'),
(31, 'Edicion adicionales de los productos tiendas', 'adicionales.edit', 'El usuario puede editar los adicionales de los productos de la tienda.', '2020-12-01 19:26:37', '2020-12-01 19:26:37'),
(32, 'Eliminar adicionales de los productos tienda', 'adicionales.destroy', 'El usuario puede Eliminar un adicional del producto de la tienda.', '2020-12-01 19:26:37', '2020-12-01 19:26:37'),
(33, 'Asignar adicional a los productos tienda', 'adicionales.asignar', 'El usuario puede asignar un adicional al producto de la tienda.', '2020-12-01 19:26:37', '2020-12-01 19:26:37');

-- --------------------------------------------------------

--
-- Estructura de tabla para la tabla `permission_role`
--

CREATE TABLE `permission_role` (
  `id` bigint(20) UNSIGNED NOT NULL,
  `role_id` bigint(20) UNSIGNED NOT NULL,
  `permission_id` bigint(20) UNSIGNED NOT NULL,
  `created_at` timestamp NULL DEFAULT NULL,
  `updated_at` timestamp NULL DEFAULT NULL
) ENGINE=InnoDB DEFAULT CHARSET=utf8mb4 COLLATE=utf8mb4_unicode_ci;

--
-- Volcado de datos para la tabla `permission_role`
--

INSERT INTO `permission_role` (`id`, `role_id`, `permission_id`, `created_at`, `updated_at`) VALUES
(2, 3, 14, '2020-12-01 19:33:01', '2020-12-01 19:33:01'),
(3, 3, 15, '2020-12-01 19:33:01', '2020-12-01 19:33:01'),
(4, 3, 16, '2020-12-01 19:33:01', '2020-12-01 19:33:01'),
(5, 3, 17, '2020-12-01 19:33:01', '2020-12-01 19:33:01'),
(6, 3, 18, '2020-12-01 19:33:01', '2020-12-01 19:33:01'),
(7, 3, 19, '2020-12-01 19:33:01', '2020-12-01 19:33:01'),
(8, 3, 20, '2020-12-01 19:33:01', '2020-12-01 19:33:01'),
(9, 3, 21, '2020-12-01 19:33:01', '2020-12-01 19:33:01'),
(10, 3, 22, '2020-12-01 19:33:01', '2020-12-01 19:33:01'),
(11, 3, 23, '2020-12-01 19:33:01', '2020-12-01 19:33:01'),
(12, 3, 24, '2020-12-01 19:33:01', '2020-12-01 19:33:01'),
(13, 3, 25, '2020-12-01 19:33:01', '2020-12-01 19:33:01'),
(14, 3, 26, '2020-12-01 19:33:01', '2020-12-01 19:33:01'),
(15, 3, 27, '2020-12-01 19:33:01', '2020-12-01 19:33:01'),
(16, 3, 28, '2020-12-01 19:33:01', '2020-12-01 19:33:01'),
(17, 3, 29, '2020-12-01 19:33:01', '2020-12-01 19:33:01'),
(18, 3, 30, '2020-12-01 19:33:01', '2020-12-01 19:33:01'),
(19, 3, 31, '2020-12-01 19:33:01', '2020-12-01 19:33:01'),
(20, 3, 32, '2020-12-01 19:33:01', '2020-12-01 19:33:01'),
(21, 3, 33, '2020-12-01 19:33:01', '2020-12-01 19:33:01');

-- --------------------------------------------------------

--
-- Estructura de tabla para la tabla `personas`
--

CREATE TABLE `personas` (
  `id` bigint(20) UNSIGNED NOT NULL,
  `foto_persona` longtext COLLATE utf8mb4_unicode_ci NOT NULL,
  `primer_nombre` varchar(255) COLLATE utf8mb4_unicode_ci NOT NULL,
  `segundo_nombre` varchar(255) COLLATE utf8mb4_unicode_ci DEFAULT NULL,
  `primer_apellido` varchar(255) COLLATE utf8mb4_unicode_ci NOT NULL,
  `segundo_apellido` varchar(255) COLLATE utf8mb4_unicode_ci DEFAULT NULL,
  `telefono` varchar(255) COLLATE utf8mb4_unicode_ci NOT NULL,
  `correo_electronico` varchar(255) COLLATE utf8mb4_unicode_ci NOT NULL,
  `id_ciudad` int(11) NOT NULL,
  `direccion` longtext COLLATE utf8mb4_unicode_ci NOT NULL,
  `barrio` longtext COLLATE utf8mb4_unicode_ci NOT NULL,
  `user_register` varchar(255) COLLATE utf8mb4_unicode_ci NOT NULL,
  `estado_persona` int(11) NOT NULL,
  `created_at` timestamp NULL DEFAULT NULL,
  `updated_at` timestamp NULL DEFAULT NULL
) ENGINE=InnoDB DEFAULT CHARSET=utf8mb4 COLLATE=utf8mb4_unicode_ci;

--
-- Volcado de datos para la tabla `personas`
--

INSERT INTO `personas` (`id`, `foto_persona`, `primer_nombre`, `segundo_nombre`, `primer_apellido`, `segundo_apellido`, `telefono`, `correo_electronico`, `id_ciudad`, `direccion`, `barrio`, `user_register`, `estado_persona`, `created_at`, `updated_at`) VALUES
(1, 'Asesor_.png', 'Diego', 'Velez', 'Barrera', NULL, '3135523082', 'diego@gmail.com', 31, 'Cra 23 # 52 - 23', 'Tiendas club', '2', 1, NULL, NULL),
(2, 'Tiendas club', 'Tiendas club', '', 'Tiendas club', '', '12345678', 'miguel@gmail.com', 0, 'Tiendas club', 'Tiendas club', '5', 1, NULL, NULL),
(3, 'Tiendas club', 'Tiendas club', '', 'Tiendas club', '', '12345678', 'prueba@gmail.com', 0, 'Tiendas club', 'Tiendas club', '6', 3, NULL, NULL);

-- --------------------------------------------------------

--
-- Estructura de tabla para la tabla `roles`
--

CREATE TABLE `roles` (
  `id` bigint(20) UNSIGNED NOT NULL,
  `name` varchar(255) COLLATE utf8mb4_unicode_ci NOT NULL,
  `slug` varchar(255) COLLATE utf8mb4_unicode_ci NOT NULL,
  `description` text COLLATE utf8mb4_unicode_ci DEFAULT NULL,
  `full-access` enum('yes','no') COLLATE utf8mb4_unicode_ci DEFAULT NULL,
  `created_at` timestamp NULL DEFAULT NULL,
  `updated_at` timestamp NULL DEFAULT NULL
) ENGINE=InnoDB DEFAULT CHARSET=utf8mb4 COLLATE=utf8mb4_unicode_ci;

--
-- Volcado de datos para la tabla `roles`
--

INSERT INTO `roles` (`id`, `name`, `slug`, `description`, `full-access`, `created_at`, `updated_at`) VALUES
(1, 'Admin', 'admin', 'Administrator', 'yes', '2020-12-01 19:26:36', '2020-12-01 19:26:36'),
(2, 'Usuario registrado', 'usuarioregistrado', 'Usuario registrado en el sistema', 'no', '2020-12-01 19:26:36', '2020-12-01 19:26:36'),
(3, 'Cliente tiendas', 'Cliente tiendas', NULL, 'no', '2020-12-01 19:33:01', '2020-12-01 19:33:01');

-- --------------------------------------------------------

--
-- Estructura de tabla para la tabla `role_user`
--

CREATE TABLE `role_user` (
  `id` bigint(20) UNSIGNED NOT NULL,
  `role_id` bigint(20) UNSIGNED NOT NULL,
  `user_id` bigint(20) UNSIGNED NOT NULL,
  `created_at` timestamp NULL DEFAULT NULL,
  `updated_at` timestamp NULL DEFAULT NULL
) ENGINE=InnoDB DEFAULT CHARSET=utf8mb4 COLLATE=utf8mb4_unicode_ci;

--
-- Volcado de datos para la tabla `role_user`
--

INSERT INTO `role_user` (`id`, `role_id`, `user_id`, `created_at`, `updated_at`) VALUES
(1, 1, 4, '2020-12-01 19:26:36', '2020-12-01 19:26:36'),
(2, 1, 2, NULL, NULL),
(4, 3, 5, '2020-12-02 00:47:19', '2020-12-02 00:47:19'),
(5, 2, 6, '2020-12-02 01:04:52', '2020-12-02 01:04:52');

-- --------------------------------------------------------

--
-- Estructura de tabla para la tabla `tiendas`
--

CREATE TABLE `tiendas` (
  `id_tienda` int(11) NOT NULL,
  `image_tienda` longtext COLLATE utf8mb4_unicode_ci NOT NULL,
  `nombre_tienda` longtext COLLATE utf8mb4_unicode_ci NOT NULL,
  `url_tienda` longtext COLLATE utf8mb4_unicode_ci DEFAULT NULL,
  `descripcion_tienda` longtext COLLATE utf8mb4_unicode_ci NOT NULL,
  `direccion_tienda` varchar(100) COLLATE utf8mb4_unicode_ci NOT NULL,
  `horario_tienda` longtext COLLATE utf8mb4_unicode_ci DEFAULT NULL,
  `domicilio` int(11) DEFAULT NULL,
  `id_cate_tienda` int(11) NOT NULL,
  `id_ciudad` int(11) NOT NULL,
  `telefono_movil` varchar(52) COLLATE utf8mb4_unicode_ci NOT NULL,
  `telefono_fijo` int(11) DEFAULT NULL,
  `instagram_link` longtext COLLATE utf8mb4_unicode_ci DEFAULT NULL,
  `facebook_link` longtext COLLATE utf8mb4_unicode_ci DEFAULT NULL,
  `twitter_link` longtext COLLATE utf8mb4_unicode_ci DEFAULT NULL,
  `estado_tienda` int(11) DEFAULT NULL,
  `created_at` timestamp NULL DEFAULT NULL,
  `updated_at` timestamp NULL DEFAULT NULL
) ENGINE=InnoDB DEFAULT CHARSET=utf8mb4 COLLATE=utf8mb4_unicode_ci;

--
-- Volcado de datos para la tabla `tiendas`
--

INSERT INTO `tiendas` (`id_tienda`, `image_tienda`, `nombre_tienda`, `url_tienda`, `descripcion_tienda`, `direccion_tienda`, `horario_tienda`, `domicilio`, `id_cate_tienda`, `id_ciudad`, `telefono_movil`, `telefono_fijo`, `instagram_link`, `facebook_link`, `twitter_link`, `estado_tienda`, `created_at`, `updated_at`) VALUES
(22562, 'Asesor_.png', 'tienda-miguel', 'tienda-miguel', 'tienda-miguel', 'tienda-miguel', 'tienda-miguel', 5450, 1, 1009, '3135523082', NULL, NULL, NULL, NULL, 1, NULL, NULL),
(33425, 'Logo3D NH copia.png', 'diegovelez', 'diegovelez', 'diegovelez', 'diegovelez', 'diegovelez', 500, 1, 962, '3135523082', NULL, NULL, NULL, NULL, 1, NULL, NULL);

-- --------------------------------------------------------

--
-- Estructura de tabla para la tabla `users`
--

CREATE TABLE `users` (
  `id` bigint(20) UNSIGNED NOT NULL,
  `name` varchar(255) COLLATE utf8mb4_unicode_ci NOT NULL,
  `email` varchar(255) COLLATE utf8mb4_unicode_ci NOT NULL,
  `email_verified_at` timestamp NULL DEFAULT NULL,
  `password` varchar(255) COLLATE utf8mb4_unicode_ci NOT NULL,
  `remember_token` varchar(100) COLLATE utf8mb4_unicode_ci DEFAULT NULL,
  `created_at` timestamp NULL DEFAULT NULL,
  `updated_at` timestamp NULL DEFAULT NULL
) ENGINE=InnoDB DEFAULT CHARSET=utf8mb4 COLLATE=utf8mb4_unicode_ci;

--
-- Volcado de datos para la tabla `users`
--

INSERT INTO `users` (`id`, `name`, `email`, `email_verified_at`, `password`, `remember_token`, `created_at`, `updated_at`) VALUES
(2, 'Diego', 'diego@gmail.com', NULL, '$2y$10$FzMGyLXt5pJQ3lxIx39/2u183a0Z9kQJ0lpwYDWMX22UCHhd8wLh2', NULL, '2020-12-01 03:34:11', '2020-12-01 03:34:11'),
(4, 'admin', 'admin@admin.com', NULL, '$2y$10$9hn4d.xQpGHExq9seZNQsevjJE9AYRIEaj8n2TUKEBON9qfRHKpsq', NULL, '2020-12-01 19:26:36', '2020-12-01 19:26:36'),
(5, 'Miguel', 'miguel@gmail.com', NULL, '$2y$10$YghF.UJZ5aDn73sCIZ0IBeD1btGv8vniSDwk2JzUuTXHou/RMu36W', NULL, '2020-12-02 00:41:01', '2020-12-02 00:41:01'),
(6, 'hola', 'prueba@gmail.com', NULL, '$2y$10$vXNY6hXIBWfYOrpuLRbLNOV4Tv87E/4s/m8KHLpr9JtDi4dxOnT7q', NULL, '2020-12-02 01:04:52', '2020-12-02 01:04:52');

--
-- Índices para tablas volcadas
--

--
-- Indices de la tabla `categorias_tienda`
--
ALTER TABLE `categorias_tienda`
  ADD PRIMARY KEY (`id`);

--
-- Indices de la tabla `ciudades`
--
ALTER TABLE `ciudades`
  ADD PRIMARY KEY (`id`);

--
-- Indices de la tabla `departamentos`
--
ALTER TABLE `departamentos`
  ADD PRIMARY KEY (`id`);

--
-- Indices de la tabla `detalle_usuario_tiendas`
--
ALTER TABLE `detalle_usuario_tiendas`
  ADD PRIMARY KEY (`id`);

--
-- Indices de la tabla `failed_jobs`
--
ALTER TABLE `failed_jobs`
  ADD PRIMARY KEY (`id`);

--
-- Indices de la tabla `migrations`
--
ALTER TABLE `migrations`
  ADD PRIMARY KEY (`id`);

--
-- Indices de la tabla `password_resets`
--
ALTER TABLE `password_resets`
  ADD KEY `password_resets_email_index` (`email`);

--
-- Indices de la tabla `permissions`
--
ALTER TABLE `permissions`
  ADD PRIMARY KEY (`id`),
  ADD UNIQUE KEY `permissions_name_unique` (`name`),
  ADD UNIQUE KEY `permissions_slug_unique` (`slug`);

--
-- Indices de la tabla `permission_role`
--
ALTER TABLE `permission_role`
  ADD PRIMARY KEY (`id`),
  ADD KEY `permission_role_role_id_foreign` (`role_id`),
  ADD KEY `permission_role_permission_id_foreign` (`permission_id`);

--
-- Indices de la tabla `personas`
--
ALTER TABLE `personas`
  ADD PRIMARY KEY (`id`),
  ADD UNIQUE KEY `personas_correo_electronico_unique` (`correo_electronico`);

--
-- Indices de la tabla `roles`
--
ALTER TABLE `roles`
  ADD PRIMARY KEY (`id`),
  ADD UNIQUE KEY `roles_name_unique` (`name`),
  ADD UNIQUE KEY `roles_slug_unique` (`slug`);

--
-- Indices de la tabla `role_user`
--
ALTER TABLE `role_user`
  ADD PRIMARY KEY (`id`),
  ADD KEY `role_user_role_id_foreign` (`role_id`),
  ADD KEY `role_user_user_id_foreign` (`user_id`);

--
-- Indices de la tabla `tiendas`
--
ALTER TABLE `tiendas`
  ADD PRIMARY KEY (`id_tienda`);

--
-- Indices de la tabla `users`
--
ALTER TABLE `users`
  ADD PRIMARY KEY (`id`),
  ADD UNIQUE KEY `users_email_unique` (`email`);

--
-- AUTO_INCREMENT de las tablas volcadas
--

--
-- AUTO_INCREMENT de la tabla `categorias_tienda`
--
ALTER TABLE `categorias_tienda`
  MODIFY `id` bigint(20) UNSIGNED NOT NULL AUTO_INCREMENT, AUTO_INCREMENT=2;

--
-- AUTO_INCREMENT de la tabla `ciudades`
--
ALTER TABLE `ciudades`
  MODIFY `id` bigint(20) UNSIGNED NOT NULL AUTO_INCREMENT, AUTO_INCREMENT=1127;

--
-- AUTO_INCREMENT de la tabla `departamentos`
--
ALTER TABLE `departamentos`
  MODIFY `id` bigint(20) UNSIGNED NOT NULL AUTO_INCREMENT, AUTO_INCREMENT=34;

--
-- AUTO_INCREMENT de la tabla `detalle_usuario_tiendas`
--
ALTER TABLE `detalle_usuario_tiendas`
  MODIFY `id` bigint(20) UNSIGNED NOT NULL AUTO_INCREMENT, AUTO_INCREMENT=3;

--
-- AUTO_INCREMENT de la tabla `failed_jobs`
--
ALTER TABLE `failed_jobs`
  MODIFY `id` bigint(20) UNSIGNED NOT NULL AUTO_INCREMENT;

--
-- AUTO_INCREMENT de la tabla `migrations`
--
ALTER TABLE `migrations`
  MODIFY `id` int(10) UNSIGNED NOT NULL AUTO_INCREMENT;

--
-- AUTO_INCREMENT de la tabla `permissions`
--
ALTER TABLE `permissions`
  MODIFY `id` bigint(20) UNSIGNED NOT NULL AUTO_INCREMENT, AUTO_INCREMENT=34;

--
-- AUTO_INCREMENT de la tabla `permission_role`
--
ALTER TABLE `permission_role`
  MODIFY `id` bigint(20) UNSIGNED NOT NULL AUTO_INCREMENT, AUTO_INCREMENT=22;

--
-- AUTO_INCREMENT de la tabla `personas`
--
ALTER TABLE `personas`
  MODIFY `id` bigint(20) UNSIGNED NOT NULL AUTO_INCREMENT, AUTO_INCREMENT=4;

--
-- AUTO_INCREMENT de la tabla `roles`
--
ALTER TABLE `roles`
  MODIFY `id` bigint(20) UNSIGNED NOT NULL AUTO_INCREMENT, AUTO_INCREMENT=4;

--
-- AUTO_INCREMENT de la tabla `role_user`
--
ALTER TABLE `role_user`
  MODIFY `id` bigint(20) UNSIGNED NOT NULL AUTO_INCREMENT, AUTO_INCREMENT=6;

--
-- AUTO_INCREMENT de la tabla `users`
--
ALTER TABLE `users`
  MODIFY `id` bigint(20) UNSIGNED NOT NULL AUTO_INCREMENT, AUTO_INCREMENT=7;

--
-- Restricciones para tablas volcadas
--

--
-- Filtros para la tabla `permission_role`
--
ALTER TABLE `permission_role`
  ADD CONSTRAINT `permission_role_permission_id_foreign` FOREIGN KEY (`permission_id`) REFERENCES `permissions` (`id`) ON DELETE CASCADE,
  ADD CONSTRAINT `permission_role_role_id_foreign` FOREIGN KEY (`role_id`) REFERENCES `roles` (`id`) ON DELETE CASCADE;

--
-- Filtros para la tabla `role_user`
--
ALTER TABLE `role_user`
  ADD CONSTRAINT `role_user_role_id_foreign` FOREIGN KEY (`role_id`) REFERENCES `roles` (`id`) ON DELETE CASCADE,
  ADD CONSTRAINT `role_user_user_id_foreign` FOREIGN KEY (`user_id`) REFERENCES `users` (`id`) ON DELETE CASCADE;
COMMIT;

/*!40101 SET CHARACTER_SET_CLIENT=@OLD_CHARACTER_SET_CLIENT */;
/*!40101 SET CHARACTER_SET_RESULTS=@OLD_CHARACTER_SET_RESULTS */;
/*!40101 SET COLLATION_CONNECTION=@OLD_COLLATION_CONNECTION */;
